section,phase,node,order,line_id,key,speaker,condition
L01 Ryan,intro,Ryan_1_intro,1,line:a8779ebf,0da72197e898ebe1,Ryan,
L01 Ryan,intro,Ryan_1_intro,2,line:c3d3da41,334d016f755cd6dc,Kobold,
L01 Ryan,intro,Ryan_1_intro,3,line:55e3dd36,dfba3eb46cb5fc14,Ryan,
L01 Ryan,intro,Ryan_1_intro,4,line:efb2d4af,30985c07d735bdc3,Ryan,
L01 Ryan,intro,Ryan_1_intro,5,line:7982d3d8,08c8207cff7cb565,Ryan,
L01 Ryan,intro,Ryan_1_intro,6,line:da17b746,32cfb777c0a1ca30,Kobold,
L01 Ryan,intro,Ryan_1_intro,7,line:f676b9a8,d12499a3f17512de,Kobold,
L01 Ryan,intro,Ryan_1_intro,8,line:4c27b031,b8e3a13e8da1caf6,Ryan,
L01 Ryan,intro,Ryan_1_intro,9,line:6046bedf,84f325bca745e504,Ryan,
L01 Ryan,intro,Ryan_1_intro,10,line:f15b014f,900e8c593033c189,Ryan,
L01 Ryan,intro,Ryan_1_intro,11,line:676b0638,092808653667e9ff,Ryan,
L01 Ryan,intro,Ryan_1_intro,12,line:82e2c158,0f3f0b7e817061e6,Kobold,
L01 Ryan,intro,Ryan_1_intro,13,line:14d2c62f,b8a4a2d6c54c16d8,Kobold,
L01 Ryan,intro,Ryan_1_intro,14,line:ae83cfb6,273533e355fd12cf,Ryan,
L01 Ryan,intro,Ryan_1_intro,15,line:38b3c8c1,3faa3f1d46e0e544,Kobold,
L01 Ryan,intro,Ryan_1_intro,16,line:9b26ac5f,ce6db45f1866ad91,Ryan,
L01 Ryan,intro,Ryan_1_intro,17,line:0d16ab28,425d9584e840b683,Ryan,
L01 Ryan,phone,Ryan_1_PhoneTutorial,1,line:a99c515c,8a15c5bd16af8e2a,Phone,
L01 Ryan,phone,Ryan_1_PhoneTutorial,2,line:ce77a00e,276bc2be4d36787f,Kobold,
L01 Ryan,phone,Ryan_1_PhoneTutorial,3,line:5847a779,d3c6dd1cf6eefa2a,Kobold,
L01 Ryan,phone,Ryan_1_PhoneTutorial,4,line:e216aee0,38526f3244d3b009,Phone,
L01 Ryan,phone,Ryan_1_PhoneTutorial,5,line:7426a997,ab5df625bc76dbd4,Phone,
L01 Ryan,phone,Ryan_1_PhoneTutorial,6,line:d7b3cd09,4d4a3684433b7f10,Phone,
L01 Ryan,phone,Ryan_1_PhoneTutorial,7,line:4183ca7e,693491dd1e43554f,Phone,
L01 Ryan,phone,Ryan_1_PhoneTutorial,8,line:fbd2c3e7,3d08b37cdf5c2183,Kobold,
L01 Ryan,phone,Ryan_1_PhoneTutorial,9,line:8f46bb17,01888febaebd67cd,Kobold,
L01 Ryan,phone,Ryan_1_PhoneTutorial,10,line:6de2c490,085283be600618d2,Phone,
L01 Ryan,phone,Ryan_1_PhoneTutorial,11,line:fcff7b00,4ad86617a918d8ec,Phone,
L01 Ryan,phone,Ryan_1_PhoneTutorial,12,line:6acf7c77,18e83723472ff06b,Phone,
L01 Ryan,phone,Ryan_1_PhoneTutorial,13,line:1976bc60,bb645759b5bd99d4,Phone,
L01 Ryan,phone,Ryan_1_PhoneTutorial,14,line:a327b5f9,474ab3afa218a5df,Kobold,
L01 Ryan,phone,Ryan_1_PhoneTutorial,15,line:3517b28e,7d869361bdb13d98,Phone,
L01 Ryan,progress,Ryan_1_required,1,line:c9e7bb1e,098ac93ca7999f8c,Ryan,
L01 Ryan,progress,Ryan_1_required,2,line:5fd7bc69,7b999e621945fe90,Kobold,
L01 Ryan,progress,Ryan_1_required,3,line:c70bea2d,1cb7709c2b6cdc0b,Kobold,
L01 Ryan,progress,Ryan_1_required,4,line:eb6ae4c3,9b9024cada67653e,Ryan,
L01 Ryan,progress,Ryan_1_required,5,line:7d5ae3b4,fbd8fe3b49aed7c5,Ryan,
L01 Ryan,progress,Ryan_1_required,6,line:513bed5a,3f742efbf9edb2ee,Ryan,
L01 Ryan,progress,Ryan_1_required,7,line:f2ae89c4,e6c276d67e994ed5,Ryan,
L01 Ryan,progress,Ryan_1_required,8,line:649e8eb3,e99ba1a86146f1aa,Ryan,
L01 Ryan,progress,Ryan_1_required,9,line:decf872a,ab5df625bc76dbd4,Ryan,
L01 Ryan,nag,Ryan_1_nag,1,line:71b651dd,c2aa03c999eb7731,Ryan,
L01 Ryan,nag,Ryan_1_nag,2,line:e78656aa,5b798fca0ab51d6c,Ryan,
L01 Ryan,jerkoff,ryan_jerk_off_no,1,line:2d5fc8a2,2e75bb6a3610c11b,Ryan,
L01 Ryan,mount_start,ryan_mount_no,1,line:6bd91ca7,91c3bf04fb99ce8b,Ryan,
L01 Ryan,outro,Ryan_1_Outro,1,line:65a41bc5,0d26aa953ca02c41,Ryan,
L01 Ryan,outro,Ryan_1_Outro,2,line:f4b9a455,699cdec6a62f5ff3,Ryan,
L01 Ryan,outro,Ryan_1_Outro,3,line:6289a322,c3bbf19f280c6dde,Kobold,
L01 Ryan,outro,Ryan_1_Outro,4,line:11306335,66984a1e53d3e869,Kobold,
L01 Ryan,outro,Ryan_1_Outro,5,line:3d516ddb,b8a4a2d6c54c16d8,Kobold,
L01 Ryan,outro,Ryan_1_Outro,6,line:87006442,d629b0ed3f97727c,Ryan,
L01 Ryan,outro,Ryan_1_Outro,7,line:ab616aac,e12cf68db48908a3,Ryan,
L01 Ryan,outro,Ryan_1_Outro,8,line:9ec40945,29a9062b9b45c6ef,Ryan,
L01 Ryan,outro,Ryan_1_Outro,9,line:08f40e32,0712e97652e51758,Ryan,
L01 Ryan,outro,Ryan_1_Outro,10,line:b2a507ab,17f93a33eafe382c,Ryan,
L01 Ryan,outro,Ryan_1_Outro,11,line:249500dc,474ab3afa218a5df,Kobold,
L01 Ryan,outro,Ryan_1_Outro,12,line:b588bf4c,1aa7b1c1d5fb1fd6,Ryan,
L02 Conrad,intro,Conrad_Intro_1,1,line:36073321,d391aece578e396f,Conrad,
L02 Conrad,intro,Conrad_Intro_1,2,line:a0373456,89714ef9a2dd4db5,Conrad,
L02 Conrad,intro,Conrad_Intro_1,3,line:1a663dcf,198e07bd20a7e40b,Kobold,
L02 Conrad,intro,Conrad_Intro_1,4,line:8c563ab8,d474060b980dd4bb,Kobold,
L02 Conrad,intro,Conrad_Intro_1,5,line:1d4b8528,6c70580a9b88273d,Conrad,
L02 Conrad,progress,Conrad_required_1,1,line:8a35fb7b,87e002767e44df8e,Conrad,
L02 Conrad,progress,Conrad_required_1,2,line:6fbc3c1b,2d6d31d664759240,Conrad,
L02 Conrad,progress,Conrad_required_1,3,line:f98c3b6c,906e9b3e20a54dc2,Kobold,
L02 Conrad,progress,Conrad_required_1,4,line:a0a0a49c,c41cb150dfd261d8,Kobold,
L02 Conrad,progress,Conrad_required_1,5,line:43dd32f5,d704d8fd39dffd37,Conrad,
L02 Conrad,progress,Conrad_required_1,6,line:d5ed3582,c9ce0c4dd28236fa,Conrad,
L02 Conrad,progress,Conrad_required_1,7,line:7678511c,daac14e0bc00f0ad,Kobold,
L02 Conrad,progress,Conrad_required_1,8,line:e048566b,824dda92c5ffbad9,Kobold,
L02 Conrad,progress,Conrad_required_1,9,line:5a195ff2,b778e4a7f32732fb,Conrad,
L02 Conrad,progress,Conrad_required_1,10,line:cc295885,96b0e7561e23fcbb,Kobold,
L02 Conrad,progress,Conrad_required_1,11,line:5d34e715,175ccc13192756d4,Conrad,
L02 Conrad,progress,Conrad_required_1,12,line:cb04e062,fcc67c51c62fb4e9,Conrad,
L02 Conrad,progress,Conrad_required_1,13,line:3690a3eb,a29919179016a4e8,Conrad,
L02 Conrad,progress,Conrad_required_1,14,line:8cc1aa72,6ec80eb8deb5afd8,Kobold,
L02 Conrad,progress,Conrad_required_1,15,line:1af1ad05,22706d3faee3b165,Kobold,
L02 Conrad,progress,Conrad_required_1,16,line:b964c99b,4a8d1297fbe8f246,Conrad,
L02 Conrad,progress,Conrad_required_1,17,line:2f54ceec,fcc67c51c62fb4e9,Conrad,
L02 Conrad,jerkoff,Conrad_1_JerkOff_Start,1,line:9e403ecd,6d4db2b6b39822b2,Conrad,
L02 Conrad,jerkoff,Conrad_1_JerkOff_Start,2,line:087039ba,8fc6411ffc04a8f3,Conrad,
L02 Conrad,cum,Conrad_1_Cum,1,line:e48243c0,e51f82fb1e4773ad,Conrad,
L02 Conrad,cum,Conrad_1_Cum,2,line:72b244b7,6d721d6e2ad2ae1c,Conrad,
L02 Conrad,mount_start,conrad_mount_no,1,line:c236bdf9,b902443f60bdba87,Conrad,
L02 Conrad,mount_start,conrad_mount_no,2,line:5406ba8e,ccdcfc48472b3533,Conrad,
L02 Conrad,outro,Conrad_Outro_1,1,line:7fe73572,2edaf16ee5b742a8,Conrad,
L02 Conrad,outro,Conrad_Outro_1,2,line:e9d73205,882508b81f97e7cf,Conrad,
L02 Conrad,outro,Conrad_Outro_1,3,line:78ca8d95,51335374627e92a3,Kobold,
L02 Conrad,outro,Conrad_Outro_1,4,line:b122441b,598e348ffe7cc978,Kobold,
L02 Conrad,outro,Conrad_Outro_1,5,line:eefa8ae2,3eba607f0573bf98,Conrad,
L02 Conrad,outro,Conrad_Outro_1,6,line:0b734d82,4e52b9a8b0ae1335,Conrad,
L02 Conrad,outro,Conrad_Outro_1,7,line:9d434af5,25d0b6008550c533,Kobold,
L02 Conrad,outro,Conrad_Outro_1,8,line:2712436c,2e92d12d86bf03a5,Conrad,
L02 Conrad,outro,Conrad_Outro_1,9,line:12b72085,426726c5d08284a8,Conrad,
L02 Conrad,outro,Conrad_Outro_1,10,line:848727f2,28c3830dac3b9c5b,Kobold,
L02 Conrad,outro,Conrad_Outro_1,11,line:3ed62e6b,fac432bdcfb4b753,Conrad,
L02 Conrad,outro,Conrad_Outro_1,12,line:a8e6291c,ee7433c3dd161b65,Conrad,
L03 Alexander,intro,Alexander_1_intro,1,line:a2ba222e,dbca31128a900488,Alexander,
L03 Alexander,intro,Alexander_1_intro,2,line:33a79dbe,a6208f4370193b60,Kobold,
L03 Alexander,intro,Alexander_1_intro,3,line:b6c878fa,7b999e621945fe90,Kobold,
L03 Alexander,intro,Alexander_1_intro,4,line:a5979ac9,fdf9d60aca05c19e,Alexander,
L03 Alexander,intro,Alexander_1_intro,5,line:20f87f8d,12456a9c2599222e,Alexander,
L03 Alexander,intro,Alexander_1_intro,6,line:0c997163,cccd2e909950ad59,Alexander,
L03 Alexander,intro,Alexander_1_intro,7,line:9aa97614,f5b90500599eaa0a,Alexander,
L03 Alexander,intro,Alexander_1_intro,8,line:393c128a,26f8788d21d9fd7d,Kobold,
L03 Alexander,intro,Alexander_1_intro,9,line:155d1c64,7cc55c8bb6442b93,Kobold,
L03 Alexander,intro,Alexander_1_intro,10,line:af0c15fd,c9b9bda16ee1d468,Alexander,
L03 Alexander,intro,Alexander_1_intro,11,line:836d1b13,8569efc4ed5a6273,Alexander,
L03 Alexander,intro,Alexander_1_intro,12,line:1270a483,57c2b1f349d8b9e9,Alexander,
L03 Alexander,intro,Alexander_1_intro,13,line:8440a3f4,da7509a323bc8646,Alexander,
L03 Alexander,intro,Alexander_1_intro,14,line:61c96494,550840616bc8148d,Kobold,
L03 Alexander,intro,Alexander_1_intro,15,line:ee3d0ee4,21e1f6bc71429bdb,Kobold,
L03 Alexander,intro,Alexander_1_intro,16,line:f7f963e3,14ddfac745bc0ec3,Alexander,
L03 Alexander,intro,Alexander_1_intro,17,line:4da86a7a,ab5df625bc76dbd4,Alexander,
L03 Alexander,intro,Alexander_1_intro,18,line:db986d0d,65b94d53036df4ac,Alexander,
L03 Alexander,intro,Alexander_1_intro,19,line:780d0993,f602395a77ff68c4,Kobold,
L03 Alexander,progress,Alexander_1_required,1,line:73e4789c,f8d26c6d83205a5d,Alexander,
L03 Alexander,progress,Alexander_1_required,2,line:e5d47feb,c3971608b1a13f1b,Kobold,
L03 Alexander,progress,Alexander_1_required,3,line:8512365e,3afdda2c098fc834,Kobold,
L03 Alexander,progress,Alexander_1_required,4,line:74c9c07b,90d6678c9549b1e0,Alexander,
L03 Alexander,progress,Alexander_1_required,5,line:e2f9c70c,55c80016618e1bc5,Alexander,
L03 Alexander,progress,Alexander_1_required,6,line:13223129,02fa2a9691178177,Alexander,
L03 Alexander,progress,Alexander_1_required,7,line:a97338b0,32e117cdd1f56f3f,Alexander,
L03 Alexander,jerkoff,alexander_jerk_off_no,1,line:22b5941e,f33ca08a17779409,Alexander,
L03 Alexander,mount_start,alexander_mount_no,1,line:f80bd44b,170ebd10775afd58,Alexander,
L03 Alexander,outro,Alexander_1_Outro,1,line:fd68807c,d202075090a8960b,Alexander,
L03 Alexander,outro,Alexander_1_Outro,2,line:5efde4e2,b8a4a2d6c54c16d8,Kobold,
L03 Alexander,outro,Alexander_1_Outro,3,line:729cea0c,b6069e62e167364f,Kobold,
L03 Alexander,outro,Alexander_1_Outro,4,line:c8cde395,981447d1952fe850,Alexander,
L03 Alexander,outro,Alexander_1_Outro,5,line:e4aced7b,5d7279822bcee7dd,Alexander,
L03 Alexander,outro,Alexander_1_Outro,6,line:75b152eb,8117291ab8529b4f,Alexander,
L03 Alexander,outro,Alexander_1_Outro,7,line:e381559c,dae0c0aa3ae01c37,Alexander,
L04 Ryan,intro,Ryan_2_intro,1,line:933efa6d,7825d92f67bdcdef,Ryan,
L04 Ryan,intro,Ryan_2_intro,2,line:050efd1a,cd26586143766826,Kobold,
L04 Ryan,intro,Ryan_2_intro,3,line:296ff3f4,b8a4a2d6c54c16d8,Kobold,
L04 Ryan,intro,Ryan_2_intro,4,line:bf5ff483,6a67a8866ec70c09,Ryan,
L04 Ryan,intro,Ryan_2_intro,5,line:b8724c64,921bd4effdaa2a2f,Ryan,
L04 Ryan,intro,Ryan_2_intro,6,line:2e424b13,387d0da740d0826e,Ryan,
L04 Ryan,intro,Ryan_2_intro,7,line:4d6cd625,e542b800ecfc350a,Ryan,
L04 Ryan,intro,Ryan_2_intro,8,line:db5cd152,78b22bcc76942425,Ryan,
L04 Ryan,intro,Ryan_2_intro,9,line:610dd8cb,21abbb56e463a200,Ryan,
L04 Ryan,intro,Ryan_2_intro,10,line:f73ddfbc,da3405e1151a476e,Ryan,
L04 Ryan,intro,Ryan_2_intro,11,line:54a8bb22,41dc14e2cd744b1b,Kobold,
L04 Ryan,intro,Ryan_2_intro,12,line:78c9b5cc,b231225bfcc08d4c,Kobold,
L04 Ryan,intro,Ryan_2_intro,13,line:c298bc55,056b5511850d7220,Ryan,
L04 Ryan,intro,Ryan_2_intro,14,line:eef9b2bb,b4e4d893367947a0,Ryan,
L04 Ryan,intro,Ryan_2_intro,15,line:7fe40d2b,c9cdea9d31e53d5b,Ryan,
L04 Ryan,intro,Ryan_2_intro,16,line:e9d40a5c,ab5df625bc76dbd4,Ryan,
L04 Ryan,intro,Ryan_2_intro,17,line:0c5dcd3c,ab74167fe23c9db5,Ryan,
L04 Ryan,intro,Ryan_2_intro,18,line:9a6dca4b,5cbc0ceea57587db,Kobold,
L04 Ryan,intro,Ryan_2_intro,19,line:203cc3d2,08411b780900fb59,Kobold,
L04 Ryan,intro,Ryan_2_intro,20,line:b60cc4a5,a386908e3024f35e,Ryan,
L04 Ryan,progress,Ryan_2_required,1,line:aa0dda7b,580684f8909e025d,Ryan,
L04 Ryan,progress,Ryan_2_required,2,line:3c3ddd0c,b4eff799a0271863,Kobold,
L04 Ryan,progress,Ryan_2_required,3,line:866cd495,fad448038cd06268,Kobold,
L04 Ryan,progress,Ryan_2_required,4,line:105cd3e2,a1dd2ff2d1ef6beb,Ryan,
L04 Ryan,progress,Ryan_2_required,5,line:81416c72,2acd4405a7f14ae3,Kobold,
L04 Ryan,progress,Ryan_2_required,6,line:709a9a57,c10c037156053bfe,Kobold,
L04 Ryan,progress,Ryan_2_required,7,line:17716b05,4f6d869aa239596c,Ryan,
L04 Ryan,progress,Ryan_2_required,8,line:e6aa9d20,0fa0dff561f86016,Ryan,
L04 Ryan,progress,Ryan_2_required,9,line:5cfb94b9,9a38b89ed035e464,Ryan,
L04 Ryan,progress,Ryan_2_required,10,line:cacb93ce,9b943020b9ae2658,Ryan,
L04 Ryan,progress,Ryan_2_required,11,line:695ef750,ab5df625bc76dbd4,Ryan,
L04 Ryan,progress,Ryan_2_required,12,line:ff6ef027,954ba66a076849a5,Ryan,
L04 Ryan,progress,Ryan_2_required,13,line:453ff9be,f173e528733bb05a,Kobold,
L04 Ryan,progress,Ryan_2_required,14,line:d422462e,7b102f547a549072,Kobold,
L04 Ryan,progress,Ryan_2_required,15,line:d30ffec9,d74bb8fcbf89b62a,Ryan,
L04 Ryan,progress,Ryan_2_required,16,line:42124159,64973f6ac9ac08be,Ryan,
L04 Ryan,progress,Ryan_2_required,17,line:31ab814e,93fa9e1a16f34a7d,Ryan,
L04 Ryan,progress,Ryan_2_required,18,line:a79b8639,797653f5e081152e,Ryan,
L04 Ryan,progress,Ryan_2_required,19,line:1dca8fa0,64973f6ac9ac08be,Ryan,
L04 Ryan,progress,Ryan_2_required,20,line:8bfa88d7,b11d41e01fefb995,Kobold,
L04 Ryan,progress,Ryan_2_required,21,line:be5feb3e,c6df1e087ef5d8e4,Kobold,
L04 Ryan,progress,Ryan_2_required,22,line:286fec49,ebb96171ea7628a0,Ryan,
L04 Ryan,progress,Ryan_2_required,23,line:040ee2a7,91c0e3e9014024af,Ryan,
L04 Ryan,outro,Ryan_2_Outro,1,line:797ca540,cb57ee6155ed6ca5,Ryan,
L04 Ryan,outro,Ryan_2_Outro,2,line:e8611ad0,f6d370e531334fab,Ryan,
L04 Ryan,outro,Ryan_2_Outro,3,line:7e511da7,a402a75e0522e087,Kobold,
L04 Ryan,outro,Ryan_2_Outro,4,line:83c55e2e,94e0ea6f97e24a81,Kobold,
L04 Ryan,outro,Ryan_2_Outro,5,line:15f55959,4f66abc45de7ff53,Ryan,
L04 Ryan,outro,Ryan_2_Outro,6,line:399457b7,ee65a6c9748b539c,Ryan,
L04 Ryan,outro,Ryan_2_Outro,7,line:afa450c0,0e95dd9dae12e50e,Kobold,
L04 Ryan,outro,Ryan_2_Outro,8,line:9a013329,78c778b6ee0575d9,Kobold,
L04 Ryan,outro,Ryan_2_Outro,9,line:0c31345e,f204fcc6b711621e,Ryan,
L04 Ryan,outro,Ryan_2_Outro,10,line:20503ab0,72eaafd8ad3f6b0d,Ryan,
L04 Ryan,outro,Ryan_2_Outro,11,line:b6603dc7,fe454a1e25772898,Kobold,
L04 Ryan,outro,Ryan_2_Outro,12,line:b14d8520,513af1a2eeeef9b6,Kobold,
L04 Ryan,outro,Ryan_2_Outro,13,line:277d8257,f3ff11acd1b54309,Ryan,
L04 Ryan,outro,Ryan_2_Outro,14,line:54c44240,0b61ba409dc46906,Ryan,
L04 Ryan,outro,Ryan_2_Outro,15,line:c2f44537,5459b9d74fb7a529,Ryan,
L04 Ryan,outro,Ryan_2_Outro,16,line:78a54cae,2cd54468954ee8c7,Ryan,
L04 Ryan,outro,Ryan_2_Outro,17,line:ee954bd9,f7e4ec27dd7d6527,Ryan,
L04 Ryan,outro,Ryan_2_Outro,18,line:4d002f47,2880304176197c02,Ryan,
L04 Ryan,outro,Ryan_2_Outro,19,line:db302830,250b97243d1df1f7,Kobold,
L04 Ryan,outro,Ryan_2_Outro,20,line:90444b09,bc78d04f7d5861dc,Kobold,
L04 Ryan,outro,Ryan_2_Outro,21,line:616121a9,08a70054f59e703a,Ryan,
L04 Ryan,outro,Ryan_2_Outro,22,line:f75126de,6079131a1c79adef,Ryan,
L04 Ryan,outro,Ryan_2_Outro,23,line:664c994e,92536deee525f694,Ryan,
L04 Ryan,outro,Ryan_2_Outro,24,line:f07c9e39,bc78d04f7d5861dc,Kobold,
L04 Ryan,outro,Ryan_2_Outro,25,line:2a154290,c3be2f1d3fa4404d,Ryan,
L04 Ryan,outro,Ryan_2_Outro,26,line:bc2545e7,9ebcf8a46cc189b7,Ryan,
L04 Ryan,outro,Ryan_2_Outro,27,line:06744c7e,8c3115a4e2a9a664,Ryan,
L04 Ryan,outro,Ryan_2_Outro,28,line:33d12f97,c3be2f1d3fa4404d,Ryan,
L04 Ryan,outro,Ryan_2_Outro,29,line:a5e128e0,9ebcf8a46cc189b7,Ryan,
L04 Ryan,outro,Ryan_2_Outro,30,line:1fb02179,8c3115a4e2a9a664,Ryan,
L04 Ryan,outro,Ryan_2_Outro,31,line:8980260e,393d8e5925dc5937,Ryan,
L04 Ryan,outro,Ryan_2_Outro,32,line:189d999e,7258b4e037805024,Ryan,
L04 Ryan,outro,Ryan_2_Outro,33,line:8ead9ee9,951382e00968439d,Kobold,
L04 Ryan,outro,Ryan_2_Outro,34,line:fd145efe,c41f39341b6c49ef,Kobold,
L04 Ryan,outro,Ryan_2_Outro,35,line:6b245989,8569efc4ed5a6273,Ryan,
L04 Ryan,outro,Ryan_2_Outro,36,line:47455767,553b3b011e56f6e2,Ryan,
L04 Ryan,outro,Ryan_2_Outro,37,line:d1755010,bd7468846a30d095,Kobold,
L04 Ryan,outro,Ryan_2_Outro,38,line:72e0348e,a7f68522a6e41971,Ryan,
L05 Conrad,intro,Conrad_Intro_2,1,line:c0cc0f2d,ed1060b120921b51,Conrad,
L05 Conrad,intro,Conrad_Intro_2,2,line:56fc085a,33b8a4a45ccc09d4,Kobold,
L05 Conrad,intro,Conrad_Intro_2,3,line:d908622a,0a1daca6a7ffe060,Kobold,
L05 Conrad,intro,Conrad_Intro_2,4,line:f5696cc4,20e5d8710e635ec0,Conrad,
L05 Conrad,intro,Conrad_Intro_2,5,line:63596bb3,20e7bf03f9acda80,Conrad,
L05 Conrad,intro,Conrad_Intro_2,6,line:4f38655d,b5df9715ed2e91ed,Conrad,
L05 Conrad,intro,Conrad_Intro_2,7,line:de25dacd,b91e8be1b03d1b61,Conrad,
L05 Conrad,intro,Conrad_Intro_2,8,line:4815ddba,f974998c16103aa0,Kobold,
L05 Conrad,intro,Conrad_Intro_2,9,line:ad9c1ada,8ca82a3bb03f138c,Kobold,
L05 Conrad,intro,Conrad_Intro_2,10,line:3bac1dad,a94b34f629b2029a,Conrad,
L05 Conrad,progress,Conrad_required_2,1,line:51d4e418,4356fa179bb80e09,Conrad,
L05 Conrad,progress,Conrad_required_2,2,line:c7e4e36f,d886f3d923f9c796,Conrad,
L05 Conrad,progress,Conrad_required_2,3,line:647187f1,ea8c1853a7d5966c,Kobold,
L05 Conrad,progress,Conrad_required_2,4,line:de208e68,bded00d07cb1e457,Kobold,
L05 Conrad,progress,Conrad_required_2,5,line:f2418086,02f000041eb5ab82,Conrad,
L05 Conrad,progress,Conrad_required_2,6,line:4810891f,ab5df625bc76dbd4,Conrad,
L05 Conrad,progress,Conrad_required_2,7,line:4f3d31f8,58356b98fdf40dc3,Conrad,
L05 Conrad,progress,Conrad_required_2,8,line:d90d368f,ab5df625bc76dbd4,Conrad,
L05 Conrad,progress,Conrad_required_2,9,line:bee6c7dd,cb7847cb63566364,Conrad,
L05 Conrad,progress,Conrad_required_2,10,line:28d6c0aa,b48f291ebc6b18fe,Conrad,
L05 Conrad,progress,Conrad_required_2,11,line:9287c933,519b07c299436f2a,Conrad,
L05 Conrad,progress,Conrad_required_2,12,line:04b7ce44,f5ad489eeba50b01,Kobold,
L05 Conrad,progress,Conrad_required_2,13,line:8b43a434,6402f4608ceb7bbb,Kobold,
L05 Conrad,progress,Conrad_required_2,14,line:a722aada,8e59613d6cd60464,Conrad,
L05 Conrad,progress,Conrad_required_2,15,line:3112adad,7058e362e43623f0,Conrad,
L05 Conrad,progress,Conrad_required_2,16,line:1d73a343,ea289ebcdd7e81ef,Conrad,
L05 Conrad,progress,Conrad_required_2,17,line:8c6e1cd3,aff317c06781bc70,Conrad,
L05 Conrad,progress,Conrad_required_2,18,line:1a5e1ba4,da5eed4c72eb1073,Kobold,
L05 Conrad,progress,Conrad_required_2,19,line:69e7dbb3,193bb66a944990a8,Kobold,
L05 Conrad,progress,Conrad_required_2,20,line:ffd7dcc4,c69250ea092a7fcd,Conrad,
L05 Conrad,progress,Conrad_required_2,21,line:d3b6d22a,c2f21da58e28df4f,Conrad,
L05 Conrad,progress,Conrad_required_2,22,line:4586d55d,9c529e9f79f39a21,Conrad,
L05 Conrad,progress,Conrad_required_2,23,line:e613b1c3,4b7317a793a0f728,Conrad,
L05 Conrad,progress,Conrad_required_2,24,line:7023b6b4,c4c0c9950baa723f,Conrad,
L05 Conrad,progress,Conrad_required_2,25,line:ca72bf2d,9fa8cd9193124e79,Kobold,
L05 Conrad,progress,Conrad_required_2,26,line:5b6f00bd,249133e0671a807b,Kobold,
L05 Conrad,progress,Conrad_required_2,27,line:5c42b85a,c61717fe95ec2b9c,Conrad,
L05 Conrad,progress,Conrad_required_2,28,line:cd5f07ca,652daa6043287e1b,Conrad,
L05 Conrad,progress,Conrad_required_2,29,line:38419d8b,65b4e7b9caad6028,Conrad,
L05 Conrad,progress,Conrad_required_2,30,line:ae719afc,334ade0356dff453,Conrad,
L05 Conrad,progress,Conrad_required_2,31,line:14209365,1d190e45e1ddc239,Conrad,
L05 Conrad,progress,Conrad_required_2,32,line:82109412,3969155d983b9b32,Kobold,
L05 Conrad,progress,Conrad_required_2,33,line:2185f08c,bd7f2cf961e397ca,Kobold,
L05 Conrad,progress,Conrad_required_2,34,line:b7b5f7fb,0cd12abef67edc64,Conrad,
L05 Conrad,progress,Conrad_required_2,35,line:0de4fe62,bbaef120c3a81475,Conrad,
L05 Conrad,jerkoff,conrad_jerk_off_no,1,line:2a29842a,f81a53c29135dfa5,Conrad,
L05 Conrad,outro,Conrad_Outro_2,1,line:a051821a,7f9f3c8d0db46cbf,Conrad,
L05 Conrad,outro,Conrad_Outro_2,2,line:314c3d8a,d4a62b147d5a622b,Kobold,
L05 Conrad,outro,Conrad_Outro_2,3,line:42f5fd9d,ebb96171ea7628a0,Kobold,
L05 Conrad,outro,Conrad_Outro_2,4,line:a77c3afd,0d49a74e82a2356a,Conrad,
L05 Conrad,outro,Conrad_Outro_2,5,line:d4c5faea,c38c5771c6cf6118,Conrad,
L05 Conrad,outro,Conrad_Outro_2,6,line:6e94f373,7e30c436a9112ecd,Conrad,
L05 Conrad,outro,Conrad_Outro_2,7,line:f8a4f404,229bd072e07a3d53,Conrad,
L05 Conrad,outro,Conrad_Outro_2,8,line:5b31909a,ba15304b6e669701,Kobold,
L05 Conrad,outro,Conrad_Outro_2,9,line:77509e74,1fb463b57138c081,Kobold,
L05 Conrad,outro,Conrad_Outro_2,10,line:cd0197ed,56c81331bdf0858e,Conrad,
L05 Conrad,outro,Conrad_Outro_2,11,line:e1609903,3e2cb05f5d39c6e5,Conrad,
L05 Conrad,outro,Conrad_Outro_2,12,line:707d2693,8a3ca437a0d6d164,Conrad,
L05 Conrad,outro,Conrad_Outro_2,13,line:e64d21e4,c90e3d1d20fadd0f,Conrad,
L06 Alexander,intro,Alexander_2_intro,1,line:394db643,44aa15e695b4e0d5,Alexander,
L06 Alexander,intro,Alexander_2_intro,2,line:af7db134,840851d0f7570dd9,Kobold,
L06 Alexander,intro,Alexander_2_intro,3,line:2089db44,d786fe5166ed78b0,Kobold,
L06 Alexander,intro,Alexander_2_intro,4,line:152cb8ad,b5707c134254e827,Alexander,
L06 Alexander,intro,Alexander_2_intro,5,line:831cbfda,5962824d5ad2d472,Alexander,
L06 Alexander,intro,Alexander_2_intro,6,line:b6b9dc33,4006d568c80ab534,Alexander,
L06 Alexander,intro,Alexander_2_intro,7,line:0ce8d5aa,a17a2764777e0b60,Kobold,
L06 Alexander,intro,Alexander_2_intro,8,line:9ad8d2dd,1e5b9c4d7c7853fa,Alexander,
L06 Alexander,intro,Alexander_2_intro,9,line:0bc56d4d,e36d5a8ffbc61b8c,Kobold,
L06 Alexander,intro,Alexander_2_intro,10,line:9df56a3a,c43599f1e3538c5c,Kobold,
L06 Alexander,intro,Alexander_2_intro,11,line:fedbf70c,c63c466c3e28f286,Alexander,
L06 Alexander,intro,Alexander_2_intro,12,line:68ebf07b,dfb6e95e4715f76e,Alexander,
L06 Alexander,intro,Alexander_2_intro,13,line:d2baf9e2,9da4c08f2c9d94f9,Alexander,
L06 Alexander,intro,Alexander_2_intro,14,line:448afe95,149351e2d565febf,Alexander,
L06 Alexander,intro,Alexander_2_intro,15,line:e71f9a0b,b54a89ba26aaeaa1,Kobold,
L06 Alexander,intro,Alexander_2_intro,16,line:5d4e9392,0ee302086c5ae61a,Kobold,
L06 Alexander,intro,Alexander_2_intro,17,line:712f9d7c,2cc9a59ae14e4845,Alexander,
L06 Alexander,intro,Alexander_2_intro,18,line:cb7e94e5,3b20ece829b0bd68,Alexander,
L06 Alexander,intro,Alexander_2_intro,19,line:cc532c02,93f6d587969b0e78,Alexander,
L06 Alexander,intro,Alexander_2_intro,20,line:5a632b75,1d37ba6f405ce0fd,Alexander,
L06 Alexander,intro,Alexander_2_intro,21,line:bfeaec15,27c227129d961114,Alexander,
L06 Alexander,intro,Alexander_2_intro,22,line:29daeb62,9e99fec970b38818,Kobold,
L06 Alexander,intro,Alexander_2_intro,23,line:a62e8112,0549826a698aad1c,Kobold,
L06 Alexander,intro,Alexander_2_intro,24,line:938be2fb,9e85e9ab574cfc16,Alexander,
L06 Alexander,intro,Alexander_2_intro,25,line:05bbe58c,359439ec513e7e35,Kobold,
L06 Alexander,intro,Alexander_2_intro,26,line:301e8665,28fa9c1bb5161161,Alexander,
L06 Alexander,progress,Alexander_2_required,1,line:7fe349d7,cc99c01887a9b5f1,Alexander,
L06 Alexander,progress,Alexander_2_required,2,line:e9d34ea0,e33e953efb157171,Kobold,
L06 Alexander,progress,Alexander_2_required,3,line:eefef647,c054502c35602985,Kobold,
L06 Alexander,progress,Alexander_2_required,4,line:78cef130,98cbb728e5fb19f2,Alexander,
L06 Alexander,progress,Alexander_2_required,5,line:89150715,c1d152bd1a4b22f1,Alexander,
L06 Alexander,progress,Alexander_2_required,6,line:1f250062,0da1bbeb76d9ef60,Alexander,
L06 Alexander,progress,Alexander_2_required,7,line:a57409fb,54021b5f26568c41,Alexander,
L06 Alexander,progress,Alexander_2_required,8,line:33440e8c,3a363409d3ae72f1,Alexander,
L06 Alexander,outro,Alexander_2_Outro,1,line:80de6c63,abc1043955962614,Alexander,
L06 Alexander,outro,Alexander_2_Outro,2,line:16ee6b14,2de23f0bdf3de327,Kobold,
L06 Alexander,outro,Alexander_2_Outro,3,line:3a8f65fa,082cb158de32f2d9,Kobold,
L06 Alexander,outro,Alexander_2_Outro,4,line:acbf628d,374214d86f810d53,Alexander,
L06 Alexander,outro,Alexander_2_Outro,5,line:ab92da6a,7ff22bb553842005,Alexander,
L06 Alexander,outro,Alexander_2_Outro,6,line:3da2dd1d,01b524bd7165a166,Alexander,
L06 Alexander,outro,Alexander_2_Outro,7,line:d82b1a7d,704866fd76bd9fb8,Kobold,
L06 Alexander,outro,Alexander_2_Outro,8,line:f44a1493,dd573253630e8021,Kobold,
L06 Alexander,outro,Alexander_2_Outro,9,line:4e1b1d0a,d6b066332b6d8b9a,Alexander,
L06 Alexander,outro,Alexander_2_Outro,10,line:627a13e4,762c20b866b7b263,Alexander,
L06 Alexander,outro,Alexander_2_Outro,11,line:c1ef777a,5fc37d4eda289c06,Alexander,
L06 Alexander,outro,Alexander_2_Outro,12,line:57df700d,5a2661b79c536b73,Alexander,
L06 Alexander,outro,Alexander_2_Outro,13,line:ed8e7994,0ddbb1a880fb5b54,Alexander,
L06 Alexander,outro,Alexander_2_Outro,14,line:7bbe7ee3,df9e3e9397757b17,Kobold,
L06 Alexander,outro,Alexander_2_Outro,15,line:7c93c604,5b4ce4081cac21b5,Kobold,
L06 Alexander,outro,Alexander_2_Outro,16,line:eaa3c173,1acd1b8d362287ec,Alexander,
L06 Alexander,outro,Alexander_2_Outro,17,line:173782fa,cbbaf40d803468a2,Alexander,
L06 Alexander,outro,Alexander_2_Outro,18,line:8107858d,bd7468846a30d095,Kobold,
L06 Alexander,outro,Alexander_2_Outro,19,line:3b568c14,8569efc4ed5a6273,Alexander,
L07 Ryan,intro,Ryan_3_intro,1,line:0d3e4054,580684f8909e025d,Ryan,
L07 Ryan,intro,Ryan_3_intro,2,line:b76f49cd,49e50c5be7d1583e,Kobold,
L07 Ryan,intro,Ryan_3_intro,3,line:b042f12a,346181d6c9954315,Kobold,
L07 Ryan,intro,Ryan_3_intro,4,line:215f4eba,c1cff3dbff6bfce2,Ryan,
L07 Ryan,intro,Ryan_3_intro,5,line:2672f65d,03810482331af8e2,Ryan,
L07 Ryan,intro,Ryan_3_intro,6,line:4199070f,e1a42aae663ccf1f,Ryan,
L07 Ryan,intro,Ryan_3_intro,7,line:d7a90078,fc7ed7b68999fdae,Ryan,
L07 Ryan,intro,Ryan_3_intro,8,line:6df809e1,be0667bb01a8cd65,Ryan,
L07 Ryan,intro,Ryan_3_intro,9,line:fbc80e96,20ed966db540aaaf,Kobold,
L07 Ryan,intro,Ryan_3_intro,10,line:ce6d6d7f,6c0973b0166d3528,Kobold,
L07 Ryan,intro,Ryan_3_intro,11,line:585d6a08,056b5511850d7220,Ryan,
L07 Ryan,intro,Ryan_3_intro,12,line:743c64e6,8dff101cb2298f67,Ryan,
L07 Ryan,intro,Ryan_3_intro,13,line:e20c6391,1990b3ec8cd88a48,Ryan,
L07 Ryan,intro,Ryan_3_intro,14,line:7311dc01,85fec70372b092bb,Kobold,
L07 Ryan,intro,Ryan_3_intro,15,line:00a81c16,33e04b2f805d0e1a,Kobold,
L07 Ryan,intro,Ryan_3_intro,16,line:e521db76,f51bead488e14b65,Ryan,
L07 Ryan,intro,Ryan_3_intro,17,line:96981b61,aac215f048e8ee54,Ryan,
L07 Ryan,progress,Ryan_3_required,1,line:df4d3810,eb256f4dcddfee94,Ryan,
L07 Ryan,progress,Ryan_3_required,2,line:497d3f67,1a17d73907f63be1,Ryan,
L07 Ryan,progress,Ryan_3_required,3,line:eae85bf9,87a781aa9b0c0136,Ryan,
L07 Ryan,progress,Ryan_3_required,4,line:7cd85c8e,f68b8d76138a2a69,Kobold,
L07 Ryan,progress,Ryan_3_required,5,line:c6895517,d6077ef6cdb59db1,Kobold,
L07 Ryan,progress,Ryan_3_required,6,line:50b95260,d296154ff317814a,Ryan,
L07 Ryan,progress,Ryan_3_required,7,line:c1a4edf0,8a2e2803c1bc2ea7,Ryan,
L07 Ryan,progress,Ryan_3_required,8,line:5794ea87,d9e1edc2e966ec26,Ryan,
L07 Ryan,progress,Ryan_3_required,9,line:34ba77b1,769c31039308d04d,Kobold,
L07 Ryan,progress,Ryan_3_required,10,line:18db795f,460c50191c964260,Kobold,
L07 Ryan,progress,Ryan_3_required,11,line:a28a70c6,8825be71018f7f88,Ryan,
L07 Ryan,progress,Ryan_3_required,12,line:8eeb7e28,3e43d550d0572c10,Ryan,
L07 Ryan,progress,Ryan_3_required,13,line:2d7e1ab6,8948d011be56c311,Ryan,
L07 Ryan,progress,Ryan_3_required,14,line:bb4e1dc1,e484863d425a58e8,Kobold,
L07 Ryan,progress,Ryan_3_required,15,line:011f1458,1af4464c602a423a,Kobold,
L07 Ryan,progress,Ryan_3_required,16,line:972f132f,e39173e934f56c78,Ryan,
L07 Ryan,progress,Ryan_3_required,17,line:0632acbf,94f45fc9f39121cd,Ryan,
L07 Ryan,outro,Ryan_3_Outro,1,line:3750bbf0,01e6332ab274c6d3,Ryan,
L07 Ryan,outro,Ryan_3_Outro,2,line:d2d97c90,e7b753ddf576b075,Ryan,
L07 Ryan,outro,Ryan_3_Outro,3,line:44e97be7,021d801f68652852,Kobold,
L07 Ryan,outro,Ryan_3_Outro,4,line:68887509,dc18b85912d460dd,Kobold,
L07 Ryan,outro,Ryan_3_Outro,5,line:feb8727e,7ee443bc5e93fadb,Ryan,
L07 Ryan,outro,Ryan_3_Outro,6,line:cb1d1197,c851929ab3cd9537,Ryan,
L07 Ryan,outro,Ryan_3_Outro,7,line:5d2d16e0,e0464d0955af808a,Ryan,
L07 Ryan,outro,Ryan_3_Outro,8,line:e77c1f79,77876a1074c9c3f3,Kobold,
L07 Ryan,outro,Ryan_3_Outro,9,line:e051a79e,e2c8744d410cb6f6,Kobold,
L07 Ryan,outro,Ryan_3_Outro,10,line:714c180e,29fee2ec355f7967,Ryan,
L07 Ryan,outro,Ryan_3_Outro,11,line:7661a0e9,51200db7892ee7e1,Ryan,
L07 Ryan,outro,Ryan_3_Outro,12,line:118a51bb,91c56a4e9213a4b0,Ryan,
L07 Ryan,outro,Ryan_3_Outro,13,line:87ba56cc,523791f6550c3508,Ryan,
L07 Ryan,outro,Ryan_3_Outro,14,line:3deb5f55,667cadad21e120f0,Kobold,
L07 Ryan,outro,Ryan_3_Outro,15,line:abdb5822,18f0197237db4a52,Kobold,
L07 Ryan,outro,Ryan_3_Outro,16,line:084e3cbc,952d54adb781ab58,Ryan,
L08 Conrad,intro,Conrad_Intro_3,1,line:39fd52f1,c2ce80cda53b3e12,Conrad,
L08 Conrad,intro,Conrad_Intro_3,2,line:afcd5586,ef92f8b9796dcaad,Kobold,
L08 Conrad,intro,Conrad_Intro_3,3,line:83ac5b68,3faf8798d815fbcc,Kobold,
L08 Conrad,intro,Conrad_Intro_3,4,line:159c5c1f,fe810d1ef6bbca3f,Conrad,
L08 Conrad,intro,Conrad_Intro_3,5,line:20393ff6,fe59e121f203b436,Conrad,
L08 Conrad,intro,Conrad_Intro_3,6,line:b6093881,a911f2d8e77038c7,Conrad,
L08 Conrad,intro,Conrad_Intro_3,7,line:0c583118,403e617f71fdbd7d,Conrad,
L08 Conrad,intro,Conrad_Intro_3,8,line:9a68366f,2fa26a557574f06d,Kobold,
L08 Conrad,intro,Conrad_Intro_3,9,line:0b7589ff,ba689238087b547e,Kobold,
L08 Conrad,intro,Conrad_Intro_3,10,line:9d458e88,a1d3f8d9c7e16f54,Conrad,
L08 Conrad,intro,Conrad_Intro_3,11,line:78cc49e8,24f5fb4981989960,Conrad,
L08 Conrad,intro,Conrad_Intro_3,12,line:eefc4e9f,086c8ec178979d9b,Conrad,
L08 Conrad,intro,Conrad_Intro_3,13,line:54ad4706,8b742c36f3da7059,Kobold,
L08 Conrad,intro,Conrad_Intro_3,14,line:4d692a01,3a1b28ba58f06ac8,Kobold,
L08 Conrad,intro,Conrad_Intro_3,15,line:c29d4071,c2ac4efff25192d6,Conrad,
L08 Conrad,intro,Conrad_Intro_3,16,line:610824ef,ab5df625bc76dbd4,Conrad,
L08 Conrad,intro,Conrad_Intro_3,17,line:f7382398,faa0b4a641d866a4,Conrad,
L08 Conrad,intro,Conrad_Intro_3,18,line:db592d76,f030a371b944e9be,Conrad,
L08 Conrad,phone,Conrad_3_PhoneTutorial,1,line:b83ec453,eb8e96751da9e008,Phone,
L08 Conrad,phone,Conrad_3_PhoneTutorial,2,line:2e0ec324,4369749a5a3394e9,Kobold,
L08 Conrad,phone,Conrad_3_PhoneTutorial,3,line:bf137cb4,339397c0d1c1f21f,Phone,
L08 Conrad,phone,Conrad_3_PhoneTutorial,4,line:29237bc3,f1968abec4612ffb,Phone,
L08 Conrad,phone,Conrad_3_PhoneTutorial,5,line:ccaabca3,474ab3afa218a5df,Kobold,
L08 Conrad,phone,Conrad_3_PhoneTutorial,6,line:5a9abbd4,435c7e974ca94c84,Phone,
L08 Conrad,idle,Conrad_idle_3_1,1,line:83f511d2,37950c8a8db90865,Conrad,
L08 Conrad,idle,Conrad_idle_3_1,2,line:12e8ae42,8f224115163c0dbe,Conrad,
L08 Conrad,idle,Conrad_idle_3_1,3,line:84d8a935,785bfdcdb6a67739,Conrad,
L08 Conrad,idle,Conrad_idle_3_2,1,line:8ffedb47,c1dc3477631255b7,Conrad,
L08 Conrad,idle,Conrad_idle_3_2,2,line:19cedc30,100bc339b65689dd,Conrad,
L08 Conrad,idle,Conrad_idle_3_2,3,line:a39fd5a9,7e079188b55eb03d,Conrad,
L08 Conrad,jerkoff,Conrad_started_jerkoff_3,1,line:934a1d5a,ccd88381d07a0b21,Conrad,
L08 Conrad,cum,Conrad_finished_jerkoff_3,1,line:496134bc,10069c101bcc95c1,Conrad,
L08 Conrad,cum,Conrad_finished_jerkoff_3,2,line:eaf45022,82d37703a9140210,Conrad,
L08 Conrad,cum,Conrad_finished_jerkoff_3,3,line:7cc45755,10069c101bcc95c1,Conrad,
L08 Conrad,cum,Conrad_finished_jerkoff_3,4,line:c6955ecc,82d37703a9140210,Conrad,
L08 Conrad,cum,Conrad_finished_jerkoff_3,5,line:50a559bb,95be71f702fae4a6,Kobold,
L08 Conrad,cum,Conrad_finished_jerkoff_3,6,line:5788e15c,b60c2f975eedb833,Kobold,
L08 Conrad,cum,Conrad_finished_jerkoff_3,7,line:c1b8e62b,f9e0d3cba1f3548e,Conrad,
L08 Conrad,cum,Conrad_finished_jerkoff_3,8,line:3063100e,0eb2a1e25a35e85e,Conrad,
L08 Conrad,cum,Conrad_finished_jerkoff_3,9,line:a6531779,ab5df625bc76dbd4,Conrad,
L08 Conrad,cum,Conrad_finished_jerkoff_3,10,line:1c021ee0,83d081eadc40b86b,Conrad,
L08 Conrad,cum,Conrad_Outro_3,1,line:d376acb9,6f64e0cc9b162541,Conrad,$conrad_jerked_off_3 $conrad_used_mount_3
L08 Conrad,cum,Conrad_Outro_3,2,line:4546abce,dd5acacdb6c59489,Conrad,$conrad_jerked_off_3 $conrad_used_mount_3
L08 Conrad,cum,Conrad_Outro_3,3,line:a0cf6cae,7f39f874a107d858,Conrad,$conrad_jerked_off_3 $conrad_used_mount_3
L08 Conrad,cum,Conrad_Outro_3,4,line:36ff6bd9,df48dbfe82678dea,Kobold,$conrad_jerked_off_3 $conrad_used_mount_3
L08 Conrad,cum,Conrad_Outro_3,5,line:7e9d40e6,7b870878852ee72d,Kobold,$conrad_jerked_off_3 $conrad_used_mount_3
L08 Conrad,cum,Conrad_Outro_3,6,line:8cae6240,ac6820f366b18b44,Conrad,$conrad_jerked_off_3 $conrad_used_mount_3
L08 Conrad,cum,Conrad_Outro_3,7,line:1a9e6537,de6f58682bdaacf9,Kobold,$conrad_jerked_off_3 $conrad_used_mount_3
L08 Conrad,cum,Conrad_Outro_3,8,line:b90b01a9,d4185d9f80a34228,Kobold,$conrad_jerked_off_3 $conrad_used_mount_3
L08 Conrad,cum,Conrad_Outro_3,9,line:2f3b06de,9df619228ba627fc,Conrad,$conrad_jerked_off_3 $conrad_used_mount_3
L08 Conrad,cum,Conrad_Outro_3,10,line:956a0f47,d88679eede302f8e,Kobold,$conrad_jerked_off_3 $conrad_used_mount_3
L08 Conrad,cum,Conrad_Outro_3,11,line:9247b7a0,7984d45df6290f6c,Kobold,$conrad_jerked_off_3 $conrad_used_mount_3
L08 Conrad,cum,Conrad_Outro_3,12,line:035a0830,bf35fcb679c816dd,Conrad,$conrad_jerked_off_3 $conrad_used_mount_3
L08 Conrad,cum,Conrad_Outro_3,13,line:0477b0d7,d32db8ee98680d0f,Conrad,$conrad_jerked_off_3 $conrad_used_mount_3
L08 Conrad,cum,Conrad_Outro_3,14,line:67592de1,8623a4b26a9521d8,Conrad,$conrad_jerked_off_3 $conrad_used_mount_3
L08 Conrad,cum,Conrad_Outro_3,15,line:f1692a96,30dcd5391100eeba,Conrad,$conrad_jerked_off_3 $conrad_used_mount_3
L08 Conrad,cum,Conrad_Outro_3,16,line:4b38230f,f1ad7345d30997b4,Kobold,$conrad_jerked_off_3 $conrad_used_mount_3
L08 Conrad,cum,Conrad_Outro_3,17,line:dd082478,404cba15a4acdcfe,Kobold,$conrad_jerked_off_3 $conrad_used_mount_3
L08 Conrad,cum,Conrad_Outro_3,18,line:e8ad4791,8bf9f7d2ecce0105,Conrad,$conrad_jerked_off_3 $conrad_used_mount_3
L08 Conrad,cum,Conrad_Outro_3,19,line:52fc4e08,8929fe2569ae7455,Conrad,$conrad_jerked_off_3 $conrad_used_mount_3
L08 Conrad,cum,Conrad_Outro_3,20,line:c4cc497f,2358a2257260501f,Conrad,$conrad_jerked_off_3 $conrad_used_mount_3
L08 Conrad,cum,Conrad_Outro_3,21,line:55d1f6ef,c650e0aadadba99c,Conrad,$conrad_jerked_off_3 $conrad_used_mount_3
L08 Conrad,cum,Conrad_Outro_3,22,line:c3e1f198,b8a4a2d6c54c16d8,Kobold,$conrad_jerked_off_3 $conrad_used_mount_3
L08 Conrad,cum,Conrad_Outro_3,23,line:9c393f61,296f2ab03f8676ef,Kobold,$conrad_jerked_off_3 $conrad_used_mount_3
L08 Conrad,cum,Conrad_Outro_3,24,line:266836f8,7e00e03a0df3736e,Conrad,$conrad_jerked_off_3 $conrad_used_mount_3
L08 Conrad,cum,Conrad_Outro_3,25,line:b058318f,c2599750a4dd9247,Kobold,$conrad_jerked_off_3 $conrad_used_mount_3
L08 Conrad,cum,Conrad_Outro_3,26,line:0a093816,6f2ff920e860570d,Conrad,$conrad_jerked_off_3 $conrad_used_mount_3
L08 Conrad,cum,Conrad_Outro_3,27,line:3fac5bff,8b7bdfb88553e72f,Conrad,$conrad_jerked_off_3 $conrad_used_mount_3
L08 Conrad,cum,Conrad_Outro_3,28,line:a99c5c88,e8ae0da9edb0a314,Conrad,$conrad_jerked_off_3 $conrad_used_mount_3
L08 Conrad,cum,Conrad_Outro_3,29,line:13cd5511,781cbcfcd7920f3f,Kobold,$conrad_jerked_off_3 $conrad_used_mount_3
L08 Conrad,cum,Conrad_Outro_3,30,line:85fd5266,5f9a2b795615ba6a,Kobold,$conrad_jerked_off_3 $conrad_used_mount_3
L08 Conrad,cum,Conrad_Outro_3,31,line:14e0edf6,508f3cf175389841,Conrad,$conrad_jerked_off_3 $conrad_used_mount_3
L08 Conrad,cum,Conrad_Outro_3,32,line:82d0ea81,c282dd1133ff96d4,Conrad,$conrad_jerked_off_3 $conrad_used_mount_3
L08 Conrad,cum,Conrad_Outro_3,33,line:e53b1bd3,bfc65061708379d6,Kobold,$conrad_jerked_off_3 $conrad_used_mount_3
L08 Conrad,cum,Conrad_Outro_3,34,line:fcff76d4,cf78ef26075ae223,Kobold,$conrad_jerked_off_3 $conrad_used_mount_3
L08 Conrad,cum,Conrad_Outro_3,35,line:730b1ca4,6b8aa4fb55221728,Conrad,$conrad_jerked_off_3 $conrad_used_mount_3
L08 Conrad,cum,Conrad_Outro_3,36,line:c95a153d,c395eb5878798c08,Kobold,$conrad_jerked_off_3 $conrad_used_mount_3
L08 Conrad,cum,Conrad_Outro_3,37,line:5f6a124a,102e28eb7d17c7dd,Conrad,$conrad_jerked_off_3 $conrad_used_mount_3
L08 Conrad,cum,Conrad_Outro_3,38,line:6acf71a3,ca518354e1f14735,Conrad,$conrad_jerked_off_3 $conrad_used_mount_3
L08 Conrad,cum,Conrad_finished_jerkoff_3,11,line:8a321997,5dffcc40132f0ec4,Conrad,
L08 Conrad,cum,Conrad_finished_jerkoff_3,12,line:29a77d09,45c2b89acdcfd55d,Conrad,
L08 Conrad,cum,Conrad_finished_jerkoff_3,13,line:bf977a7e,57725c300be82fa5,Kobold,
L08 Conrad,cum,Conrad_finished_jerkoff_3,14,line:05c673e7,1976e7477a26b680,Kobold,
L08 Conrad,cum,Conrad_finished_jerkoff_3,15,line:93f67490,9e50b8e48f012f1f,Conrad,
L08 Conrad,mount_start,Conrad_placed_mount_3,1,line:cc6e7856,b9778eb1fe076168,Conrad,
L08 Conrad,mount_start,Conrad_placed_mount_3,2,line:5a5e7f21,86b1b615d536c6c9,Conrad,
L08 Conrad,mount_start,Conrad_placed_mount_3,3,line:31fa3bdf,449244744c8bbd8a,Kobold,
L08 Conrad,mount_start,Conrad_placed_mount_3,4,line:0372e0d1,f8c28806b84cad3d,Kobold,
L08 Conrad,mount_start,Conrad_placed_mount_3,5,line:a7ca3ca8,cd4ecc87775c0780,Conrad,
L08 Conrad,mount_start,Conrad_placed_mount_3,6,line:1d9b3531,01e3f480dfe7930d,Conrad,
L08 Conrad,mount_start,Conrad_placed_mount_3,7,line:8bab3246,7f9240260973e0ce,Kobold,
L08 Conrad,mount_start,Conrad_placed_mount_3,8,line:283e56d8,e0b48878cb57c01f,Conrad,
L08 Conrad,mount_start,Conrad_placed_mount_3,9,line:be0e51af,1bd882b6a6343777,Conrad,
L08 Conrad,mount_start,Conrad_placed_mount_3,10,line:045f5836,ab5df625bc76dbd4,Conrad,
L08 Conrad,mount_start,Conrad_placed_mount_3,11,line:926f5f41,557321787688acff,Conrad,
L08 Conrad,mount_start,Conrad_placed_mount_3,12,line:9542e7a6,78e9c032e409d82d,Conrad,
L08 Conrad,mount_finish,Conrad_finished_mount_3,1,line:0d3b23da,81b18a3cc2f69ea7,Conrad,
L08 Conrad,mount_finish,Conrad_finished_mount_3,2,line:9b0b24ad,748b06c5c3f0552b,Conrad,
L08 Conrad,mount_finish,Conrad_finished_mount_3,3,line:215a2d34,e92da2c203110197,Conrad,
L08 Conrad,mount_finish,Conrad_finished_mount_3,4,line:b76a2a43,bcd00a8f7b94c7f1,Kobold,
L08 Conrad,mount_finish,Conrad_finished_mount_3,5,line:82cf49aa,67d7d2492d388d84,Kobold,
L08 Conrad,mount_finish,Conrad_finished_mount_3,6,line:14ff4edd,65e7a40050eb4acf,Conrad,
L08 Conrad,mount_finish,Conrad_finished_mount_3,7,line:389e4033,5c9126f1405a306c,Conrad,
L08 Conrad,mount_finish,Conrad_finished_mount_3,8,line:aeae4744,91181a317c2e2e2c,Kobold,
L08 Conrad,mount_finish,Conrad_finished_mount_3,9,line:3fb3f8d4,ae7bb31b012d1f51,Conrad,
L08 Conrad,mount_finish,Conrad_finished_mount_3,10,line:a983ffa3,18b0b44df315e792,Kobold,
L08 Conrad,mount_finish,Conrad_finished_mount_3,11,line:73ea230a,f395d053e5dcf326,Conrad,
L08 Conrad,mount_finish,Conrad_finished_mount_3,12,line:e5da247d,5117686f8d936e47,Conrad,
L08 Conrad,mount_finish,Conrad_finished_mount_3,13,line:5f8b2de4,a441237f7aea8d53,Kobold,
L08 Conrad,mount_finish,Conrad_finished_mount_3,14,line:6a2e4e0d,d2e773775c5bf598,Kobold,
L08 Conrad,mount_finish,Conrad_finished_mount_3,15,line:c9bb2a93,d126a37255fb8144,Conrad,
L08 Conrad,mount_finish,Conrad_finished_mount_3,16,line:fc1e497a,fba1924f5f79713e,Conrad,
L08 Conrad,mount_finish,Conrad_OutroDirty,1,line:5d41b5d6,9b363afaa9dc8a5f,Conrad,
L08 Conrad,mount_finish,Conrad_OutroDirty,2,line:cb71b2a1,44aa54eec876d22e,Kobold,
L08 Conrad,mount_finish,Conrad_OutroDirty,3,line:5a6c0d31,85d8ae405abc5722,Kobold,
L08 Conrad,mount_finish,Conrad_OutroSoapy,1,line:2f6eb3c3,d7bb84bfc322967e,Conrad,
L08 Conrad,mount_finish,Conrad_OutroSoapy,2,line:8cfbd75d,44aa54eec876d22e,Kobold,
L08 Conrad,mount_finish,Conrad_OutroSoapy,3,line:1acbd02a,85d8ae405abc5722,Kobold,
L08 Conrad,mount_finish,ErrorHasOccurred,1,line:3fdb9d01,9241fa9324783298,ErrorHasOccurred,
L08 Conrad,mount_finish,ErrorHasOccurred,2,line:a9eb9a76,fbc99d34c317d087,ErrorHasOccurred,
L08 Conrad,mount_finish,ErrorHasOccurred,3,line:13ba93ef,be7e08152c8d1556,ErrorHasOccurred,
L08 Conrad,mount_finish,Conrad_Outro,1,line:a8e2f13e,f16474a9900a4418,Conrad,$conrad_jerked_off_3 $conrad_used_mount_3
L08 Conrad,mount_finish,Conrad_Outro,2,line:3ed2f649,01cf590e183ce38a,Conrad,$conrad_jerked_off_3 $conrad_used_mount_3
L08 Conrad,mount_finish,Conrad_Outro,3,line:db5b3129,cb3f91d54eee30e5,Conrad,$conrad_jerked_off_3 $conrad_used_mount_3
L08 Conrad,mount_finish,Conrad_Outro,4,line:4d6b365e,c571db95fc1e4f78,Conrad,$conrad_jerked_off_3 $conrad_used_mount_3
L08 Conrad,mount_finish,Conrad_Outro,5,line:f73a3fc7,e374c1b3adfa0cf8,Conrad,$conrad_jerked_off_3 $conrad_used_mount_3
L09 Alexander,intro,Alexander_3_intro,1,line:5dacf226,36cd0d2b83086eeb,Alexander,
L09 Alexander,intro,Alexander_3_intro,2,line:fe3996b8,bc15783521246457,Kobold,
L09 Alexander,intro,Alexander_3_intro,3,line:d2589856,3cbf350078abb1bf,Kobold,
L09 Alexander,intro,Alexander_3_intro,4,line:680991cf,516ad83185e96dfb,Alexander,
L09 Alexander,intro,Alexander_3_intro,5,line:44689f21,f1d9c9797985d9a2,Alexander,
L09 Alexander,intro,Alexander_3_intro,6,line:d57520b1,9f59b5e841a0d2ad,Alexander,
L09 Alexander,intro,Alexander_3_intro,7,line:434527c6,fda3c419d5174cb2,Alexander,
L09 Alexander,intro,Alexander_3_intro,8,line:f7f87f6c,b5d76009b084e709,Kobold,
L09 Alexander,intro,Alexander_3_intro,9,line:546d1bf2,4f921c2b968fe884,Kobold,
L09 Alexander,intro,Alexander_3_intro,10,line:61c8781b,256ae0739ddd2dbc,Alexander,
L09 Alexander,intro,Alexander_3_intro,11,line:db997182,f114f26d23d53dc1,Kobold,
L09 Alexander,intro,Alexander_3_intro,12,line:ee3c126b,1f01b93ae3777189,Kobold,
L09 Alexander,intro,Alexander_3_intro,13,line:4da976f5,92b7fef7172975fa,Alexander,
L09 Alexander,intro,Alexander_3_intro,14,line:780c151c,df2a4df0381808af,Alexander,
L09 Alexander,intro,Alexander_3_intro,15,line:c25d1c85,1bdc19a56262fbc5,Alexander,
L09 Alexander,intro,Alexander_3_intro,16,line:c570a462,b0134babb7e75550,Alexander,
L09 Alexander,intro,Alexander_3_intro,17,line:5340a315,7d926d6395419270,Kobold,
L09 Alexander,intro,Alexander_3_intro,18,line:20f96302,bc15783521246457,Kobold,
L09 Alexander,intro,Alexander_3_intro,19,line:b6c96475,6ad0fe6dcc2efa30,Alexander,
L09 Alexander,intro,Alexander_3_intro,20,line:9aa86a9b,f38b3b8fcf6bf031,Alexander,
L09 Alexander,intro,Alexander_3_intro,21,line:0c986dec,350955b9410d95a5,Kobold,
L09 Alexander,intro,Alexander_3_intro,22,line:af0d0972,3cf6fd8e7e50386c,Kobold,
L09 Alexander,intro,Alexander_3_intro,23,line:393d0e05,5d2cee363540fc7a,Alexander,
L09 Alexander,intro,Alexander_3_intro,24,line:836c079c,26b3089f5ee4a463,Alexander,
L09 Alexander,intro,Alexander_3_intro,25,line:155c00eb,7f1cf0605a577a0a,Kobold,
L09 Alexander,intro,Alexander_3_intro,26,line:8441bf7b,b356a126e4318643,Alexander,
L09 Alexander,intro,Alexander_3_intro,27,line:1271b80c,cd5592e5e3140daa,Alexander,
L09 Alexander,intro,Alexander_3_intro,28,line:759a495e,ab5df625bc76dbd4,Alexander,
L09 Alexander,intro,Alexander_3_intro,29,line:e3aa4e29,2a0200c46ee1b662,Alexander,
L09 Alexander,intro,Alexander_3_intro,30,line:59fb47b0,b4d680dde83d7847,Kobold,
L09 Alexander,intro,Alexander_3_intro,31,line:403f2ab7,42d72aa4b0b39750,Kobold,
L09 Alexander,intro,Alexander_3_intro,32,line:cfcb40c7,9eb8cd756595cf24,Alexander,
L09 Alexander,intro,Alexander_3_intro,33,line:6c5e2459,5f9846717183dcc1,Alexander,
L09 Alexander,intro,Alexander_3_intro,34,line:fa6e232e,2ea5b920a0a9a519,Kobold,
L09 Alexander,intro,Alexander_3_intro,35,line:d60f2dc0,8569efc4ed5a6273,Alexander,
L09 Alexander,progress,Alexander_3_required,1,line:1475f95c,a59f7f35644dcdbb,Alexander,
L09 Alexander,progress,Alexander_3_required,2,line:8245fe2b,10b4110dad07d576,Alexander,
L09 Alexander,progress,Alexander_3_required,3,line:67cc394b,b8baebdff88a847f,Kobold,
L09 Alexander,progress,Alexander_3_required,4,line:4bad37a5,a2aff5b173ae96bb,Kobold,
L09 Alexander,progress,Alexander_3_required,5,line:f1fc3e3c,4b29556a255aea95,Alexander,
L09 Alexander,progress,Alexander_3_required,6,line:dd9d30d2,ababfd6e7703460e,Alexander,
L09 Alexander,progress,Alexander_3_required,7,line:7e08544c,69f278cd5a2eb111,Alexander,
L09 Alexander,progress,Alexander_3_required,8,line:e838533b,6221337862dcba2c,Alexander,
L09 Alexander,progress,Alexander_3_required,9,line:52695aa2,cecec36c55a564ee,Kobold,
L09 Alexander,progress,Alexander_3_required,10,line:5544e245,b8a4a2d6c54c16d8,Kobold,
L09 Alexander,progress,Alexander_3_required,11,line:c4595dd5,7dbde0758389bd7b,Alexander,
L09 Alexander,progress,Alexander_3_required,12,line:c374e532,9bc918ab274337a8,Alexander,
L09 Alexander,progress,Alexander_3_required,13,line:a05a7804,35af415ffcb7f757,Alexander,
L09 Alexander,progress,Alexander_3_required,14,line:366a7f73,c66fb72552f1fa4c,Alexander,
L09 Alexander,progress,Alexander_3_required,15,line:8c3b76ea,bbff7b98d6da7061,Kobold,
L09 Alexander,progress,Alexander_3_required,16,line:1a0b719d,834032dfb827138e,Kobold,
L09 Alexander,progress,Alexander_3_required,17,line:b99e1503,71291e2e0c7ce300,Alexander,
L09 Alexander,progress,Alexander_3_required,18,line:2fae1274,c8ac7dce03b1b9b7,Kobold,
L09 Alexander,progress,Alexander_3_required,19,line:03cf1c9a,10f232e68c0c0443,Kobold,
L09 Alexander,progress,Alexander_3_required,20,line:95ff1bed,5956cbc43e2c8c2b,Alexander,
L09 Alexander,progress,Alexander_3_required,21,line:92d2a30a,7bf3b1fff483809e,Alexander,
L09 Alexander,progress,Alexander_questions,1,line:fc7aaaa0,9da08a79c3f86ee0,Kobold,
L09 Alexander,progress,Alexander_questions,2,line:daa040eb,337d9f85511815eb,Kobold,
L09 Alexander,progress,Alexander_questions,3,line:21c0526b,70523c9a506d9676,Kobold,
L09 Alexander,progress,Alexander_questions,4,line:c2bdc402,3fbd83d375d6fa05,Kobold,
L09 Alexander,progress,Alexander_questions,5,line:838cdf1b,767b6d6bdc5b806a,Kobold,
L09 Alexander,progress,Alexander_questions,6,line:72a9b5bb,8ed9fdad93b0f690,Kobold,
L09 Alexander,progress,Alexander_questions,7,line:a5a8a9d5,e5263ec7185a5166,Kobold,
L09 Alexander,progress,Alexander_questions,8,line:66fb84fe,bc116106c2929c42,Kobold,
L09 Alexander,progress,Alexander_questions,9,line:19f36dc0,a04d5511812a415b,Alexander,
L09 Alexander,progress,Alexander_questions,10,line:8fc36ab7,6861f7c274e3de2c,Alexander,
L09 Alexander,progress,Alexander_questions,11,line:3592632e,8743d170a315e668,Alexander,
L09 Alexander,progress,Alexander_questions,12,line:a3a26459,7aebce70febcfb8c,Alexander,
L09 Alexander,progress,Alexander_questions,13,line:003700c7,0ad864ff0c0b3f21,Kobold,
L09 Alexander,progress,Alexander_questions,14,line:ba66095e,24244e96851180ca,Kobold,
L09 Alexander,progress,Alexander_questions,15,line:960707b0,f58328ac8301872f,Alexander,
L09 Alexander,progress,Alexander_questions,16,line:2c560e29,771e997edf959694,Alexander,
L09 Alexander,progress,Alexander_questions,17,line:2b7bb6ce,9986ef8860d34d9e,Alexander,
L09 Alexander,progress,Alexander_questions,18,line:bd4bb1b9,e947bbc260ec1dad,Alexander,
L09 Alexander,progress,Alexander_questions,19,line:4c90479c,818a4fe04a76ce19,Alexander,
L09 Alexander,progress,Alexander_questions,20,line:f6c14e05,54a1b0b8e5f6fa32,Kobold,
L09 Alexander,progress,Alexander_questions,21,line:c3642dec,046427d028c69e4b,Kobold,
L09 Alexander,progress,Alexander_questions,22,line:60f14972,b849ed1e855cd6f5,Alexander,
L09 Alexander,progress,Alexander_questions,23,line:55542a9b,bbb1e1b8cec716b3,Alexander,
L09 Alexander,progress,Alexander_questions,24,line:ef052302,337d9f85511815eb,Alexander,
L09 Alexander,progress,Alexander_questions,25,line:79352475,54a1b0b8e5f6fa32,Kobold,
L09 Alexander,progress,Alexander_questions,26,line:9b915bf2,046427d028c69e4b,Kobold,
L09 Alexander,progress,Alexander_questions,27,line:e8289be5,525ba3c4a2511183,Alexander,
L09 Alexander,progress,Alexander_questions,28,line:7e189c92,ab5df625bc76dbd4,Alexander,
L09 Alexander,progress,Alexander_questions,29,line:0da15c85,3885f7429496059d,Alexander,
L09 Alexander,progress,Alexander_questions,30,line:b7f0551c,ab5df625bc76dbd4,Alexander,
L09 Alexander,progress,Alexander_questions,31,line:825536f5,8133434681c5d0c2,Alexander,
L09 Alexander,progress,Alexander_questions,32,line:14653182,a3e6072e41a2ff07,Alexander,
L09 Alexander,progress,Alexander_questions,33,line:ae34381b,b1ca0efdea534b71,Alexander,
L09 Alexander,progress,Alexander_questions,34,line:38043f6c,186edb7d24ea9459,Kobold,
L09 Alexander,progress,Alexander_questions,35,line:a91980fc,1a6be1fd03e5ae6f,Kobold,
L09 Alexander,progress,Alexander_questions,36,line:3f29878b,08063aff652b7108,Alexander,
L09 Alexander,progress,Alexander_questions,37,line:548dc375,4f9390dd28090827,Alexander,
L09 Alexander,progress,Alexander_questions,38,line:78eccd9b,b38834ce4594ad5c,Alexander,
L09 Alexander,progress,Alexander_questions,39,line:eedccaec,5f6bb166b079c336,Kobold,
L09 Alexander,progress,Alexander_questions,40,line:db79a905,aac4af2b645cf88e,Kobold,
L09 Alexander,progress,Alexander_questions,41,line:4d49ae72,0ee250681eda1a08,Alexander,
L09 Alexander,progress,Alexander_questions,42,line:6128a09c,b83a1658171971d7,Alexander,
L09 Alexander,progress,Alexander_questions,43,line:f718a7eb,a87e0094e62cb429,Kobold,
L09 Alexander,progress,Alexander_questions,44,line:f0351f0c,5f6bb166b079c336,Kobold,
L09 Alexander,progress,Alexander_questions,45,line:6605187b,e154199e27c1d4a3,Alexander,
L09 Alexander,progress,Alexander_questions,46,line:15bcd86c,0ee250681eda1a08,Alexander,
L09 Alexander,progress,Alexander_questions,47,line:39ddd682,0c137b35abd3f637,Alexander,
L09 Alexander,progress,Alexander_questions,48,line:afedd1f5,d4efe0db738b52b5,Alexander,
L09 Alexander,progress,Alexander_questions,49,line:0c78b56b,55c3e5daec20a64d,Kobold,
L09 Alexander,progress,Alexander_questions,50,line:6b6dd8bc,2c291db1ddbe2b9d,Kobold,
L09 Alexander,progress,Alexander_questions,51,line:9a48b21c,df2bc10ba434d57e,Alexander,
L09 Alexander,progress,Alexander_questions,52,line:2019bb85,019d328b739d99e6,Kobold,
L09 Alexander,progress,Alexander_questions,53,line:27340362,c2667b3b3dc54c1a,Kobold,
L09 Alexander,progress,Alexander_questions,54,line:b629bcf2,4f9b4a3cd9b0261a,Alexander,
L09 Alexander,progress,Alexander_questions,55,line:b1040415,ebb1884c75b23e27,Alexander,
L09 Alexander,progress,Alexander_questions,56,line:fd5ddfcb,3b2c32e616b24822,Alexander,
L09 Alexander,progress,Alexander_questions,57,line:470cd652,7e6a62b6d8659273,Alexander,
L09 Alexander,progress,Alexander_questions,58,line:d13cd125,c48241cd21bb0d91,Alexander,
L09 Alexander,progress,Alexander_questions,59,line:e499b2cc,5a4d28241178ab01,Alexander,
L09 Alexander,progress,Alexander_questions,60,line:5ec8bb55,216bb6e650af4cfc,Alexander,
L09 Alexander,progress,Alexander_questions,61,line:c8f8bc22,91ff270d6aaba6a4,Kobold,
L09 Alexander,progress,Alexander_questions,62,line:2a5cc3a5,f06f453ab3d6251f,Kobold,
L09 Alexander,progress,Alexander_questions,63,line:59e503b2,8c2bdfa25fbde4ed,Alexander,
L09 Alexander,progress,Alexander_questions,64,line:cfd504c5,61639ef55caefda4,Alexander,
L09 Alexander,progress,Alexander_questions,65,line:bc6cc4d2,4f66abc45de7ff53,Alexander,
L09 Alexander,progress,Alexander_questions,66,line:063dcd4b,22c1ab2eb72e5b44,Alexander,
L09 Alexander,progress,Alexander_questions,67,line:900dca3c,61639ef55caefda4,Alexander,
L09 Alexander,progress,Alexander_questions,68,line:3398aea2,439d8da114ab9162,Alexander,
L09 Alexander,progress,Alexander_questions,69,line:1ff9a04c,33d3f6495bad4d3c,Alexander,
L09 Alexander,progress,Alexander_questions,70,line:89c9a73b,91d69b4f1f9739cb,Alexander,
L09 Alexander,progress,Alexander_questions,71,line:18d418ab,dd0f2ff5e303f61a,Alexander,
L09 Alexander,progress,Alexander_questions,72,line:8ee41fdc,7271f9e9b21e5401,Alexander,
L09 Alexander,progress,Alexander_questions,73,line:e90fee8e,b356a126e4318643,Kobold,
L09 Alexander,progress,Alexander_questions,74,line:535ee717,0006b6926947b91b,Kobold,
L09 Alexander,progress,Alexander_questions,75,line:7f3fe9f9,b6d573339ec0b66b,Alexander,
L09 Alexander,progress,Alexander_questions,76,line:c56ee060,9909f3ea3dffb93e,Alexander,
L09 Alexander,progress,Alexander_questions,77,line:f0cb8389,e5bccc3a053371ce,Alexander,
L09 Alexander,progress,Alexander_3_required_end,1,line:3027bcf7,c225b2626bb24d2c,Alexander,$has_asked_question
L09 Alexander,jerkoff,Alexander_3_JerkOff_Start,1,line:7d13eca0,8342e51e14980481,Alexander,
L09 Alexander,jerkoff,Alexander_3_JerkOff_Start,2,line:ec0e5330,ce664ef00487ef78,Alexander,
L09 Alexander,cum,Alexander_3_Cum,1,line:a716d3b8,85503a54fcc74839,Alexander,
L09 Alexander,cum,Alexander_3_Cum,2,line:c4384e8e,afa89c59eece65b9,Alexander,
L09 Alexander,outro,Alexander_3_Outro,1,line:04c62f9b,d96b34ffac75e750,Alexander,
L09 Alexander,outro,Alexander_3_Outro,2,line:95db900b,6dae153117be9e8a,Kobold,
L09 Alexander,outro,Alexander_3_Outro,3,line:e662501c,b8a4a2d6c54c16d8,Kobold,
L09 Alexander,outro,Alexander_3_Outro,4,line:03eb977c,941f66ab23bc1b9b,Alexander,
L09 Alexander,outro,Alexander_3_Outro,5,line:7052576b,4598878b44333749,Alexander,
L09 Alexander,outro,Alexander_3_Outro,6,line:ca035ef2,7ea92f17440d2fae,Alexander,
L09 Alexander,outro,Alexander_3_Outro,7,line:5c335985,7bbef8475c6cdff7,Kobold,
L09 Alexander,outro,Alexander_3_Outro,8,line:69963a6c,17d54d35bc089567,Kobold,
L09 Alexander,outro,Alexander_3_Outro,9,line:ffa63d1b,762c20b866b7b263,Alexander,
L09 Alexander,outro,Alexander_3_Outro,10,line:d3c733f5,762c20b866b7b263,Alexander,
L10 Ryan,intro,Ryan_4_intro,1,line:dbab7a39,379060351b7eda00,Ryan,
L10 Ryan,intro,Ryan_4_intro,2,line:4ab6c5a9,8a798890fe938171,Kobold,
L10 Ryan,intro,Ryan_4_intro,3,line:dc86c2de,9390298f3fb0c5b1,Kobold,
L10 Ryan,intro,Ryan_4_intro,4,line:390f05be,578f5563ae25f1ce,Kobold,
L10 Ryan,intro,Ryan_4_intro,5,line:af3f02c9,c03386d6c9efb92a,Kobold,
L10 Ryan,intro,Ryan_4_intro,6,line:156e0b50,d85dcd17cab55fde,Ryan,
L10 Ryan,intro,Ryan_4_intro,7,line:835e0c27,b9c2f8ae41c83ebe,Ryan,
L10 Ryan,intro,Ryan_4_intro,8,line:20cb68b9,696058e475fae76a,Ryan,
L10 Ryan,intro,Ryan_4_intro,9,line:b6fb6fce,1f843189eaccc2b6,Kobold,
L10 Ryan,intro,Ryan_4_intro,10,line:0caa6657,9cc8b0255238b35e,Kobold,
L10 Ryan,intro,Ryan_4_intro,11,line:9a9a6120,1facde273315d636,Ryan,
L10 Ryan,picnic,Ryan_egg_dialog,1,line:0ce8d3c2,ff7696a47d0cd4ed,Kobold,$food_number
L10 Ryan,picnic,Ryan_egg_dialog,2,line:53301d3b,76dddaed85a8d844,Kobold,$food_number
L10 Ryan,picnic,Ryan_egg_dialog,3,line:e96114a2,9fe69182b150b8b1,Ryan,$food_number
L10 Ryan,picnic,Ryan_egg_dialog,4,line:7f5113d5,f5d2571561dba2b0,Ryan,$food_number
L10 Ryan,picnic,Ryan_egg_dialog,5,line:c5001a4c,718beb6db0dae659,Ryan,$food_number
L10 Ryan,picnic,Ryan_egg_dialog,6,line:f0a579a5,c03f60d1d7bd67e5,Ryan,$food_number
L10 Ryan,picnic,Ryan_egg_dialog,7,line:66957ed2,4a7cf2bb1bd01e0b,Ryan,$food_number
L10 Ryan,picnic,Ryan_egg_dialog,8,line:dcc4774b,640cee0646ecb66c,Ryan,$food_number
L10 Ryan,picnic,Ryan_egg_dialog,9,line:4af4703c,f887a50c6f7d1edc,Ryan,$food_number
L10 Ryan,picnic,ryan_food_dialogue,1,line:7c56b2d8,8b555a411ea346ec,Ryan,
L10 Ryan,picnic,ryan_food_dialogue,2,line:ea66b5af,03e1d33ec4a7f6e8,Kobold,
L10 Ryan,picnic,ryan_food_dialogue,3,line:7b7b0a3f,f1676448791feef6,Ryan,
L10 Ryan,picnic,ryan_food_dialogue,4,line:ed4b0d48,9d2e28c9ae2ed8b4,Ryan,
L10 Ryan,picnic,ryan_food_dialogue,5,line:8aa0fc1a,91b32d6180935501,Kobold,
L10 Ryan,picnic,ryan_food_dialogue,6,line:a6c1f2f4,e5d632fba39e2f0f,Kobold,
L10 Ryan,picnic,ryan_food_dialogue,7,line:1c90fb6d,d228097b23b352e6,Ryan,
L10 Ryan,picnic,ryan_food_dialogue,8,line:30f1f583,1aa7b1c1d5fb1fd6,Ryan,
L10 Ryan,picnic,ryan_food_dialogue,9,line:9364911d,d94d7310f7d31a45,Ryan,
L10 Ryan,picnic,ryan_food_dialogue,10,line:0554966a,1121175da09c0008,Ryan,
L10 Ryan,picnic,ryan_food_dialogue,11,line:bf059ff3,6ebac8131d5267ac,Ryan,
L10 Ryan,picnic,ryan_food_dialogue,12,line:29359884,834032dfb827138e,Kobold,
L10 Ryan,picnic,ryan_food_dialogue,13,line:b8282714,d2c7e6789d89f523,Ryan,
L10 Ryan,picnic,ryan_food_dialogue,14,line:2e182063,67c0ce6aff865e1c,Ryan,
L10 Ryan,picnic,ryan_food_dialogue,15,line:cb91e703,d7f23a9907b74860,Ryan,
L10 Ryan,picnic,ryan_food_dialogue,16,line:5da1e074,99daac47d7b305f6,Ryan,
L10 Ryan,picnic,ryan_food_dialogue,17,line:e7f0e9ed,1b4b607607b8c988,Kobold,
L10 Ryan,picnic,ryan_food_dialogue,18,line:fe3484ea,dfcb7cbdb552d8f5,Kobold,
L10 Ryan,picnic,ryan_food_dialogue,19,line:71c0ee9a,f574c59b56179de8,Ryan,
L10 Ryan,picnic,ryan_food_dialogue,20,line:d2558a04,0febbd04cce87646,Ryan,
L10 Ryan,picnic,ryan_food_dialogue,21,line:44658d73,6ebac8131d5267ac,Ryan,
L10 Ryan,picnic,ryan_food_dialogue,22,line:6804839d,b7fca6004f2d5325,Ryan,
L10 Ryan,picnic,ryan_food_dialogue,23,line:f9193c0d,8da113ef266e587f,Ryan,
L10 Ryan,picnic,ryan_food_dialogue,24,line:6f293b7a,baf0df26ea4f2e81,Ryan,
L10 Ryan,picnic,ryan_food_dialogue,25,line:048d7f84,03ccd297eb346729,Ryan,
L10 Ryan,picnic,ryan_food_dialogue,26,line:92bd78f3,1032684d93c794bf,Kobold,
L10 Ryan,picnic,ryan_food_dialogue,27,line:28ec716a,ace8c62e60ec2197,Ryan,
L10 Ryan,picnic,ryan_food_dialogue,28,line:bedc761d,0a7119cfe1246546,Kobold,
L10 Ryan,picnic,ryan_food_dialogue,29,line:e104b8e4,4a3b65400e54f8ff,Kobold,
L10 Ryan,picnic,ryan_food_dialogue,30,line:f5a81524,bb7a6be711206298,Kobold,
L10 Ryan,picnic,ryan_food_dialogue,31,line:1d491283,a6a744d6d60ec400,Ryan,
L10 Ryan,picnic,ryan_food_dialogue,32,line:8b7915f4,cbe8e4adc9ca52df,Ryan,
L10 Ryan,picnic,ryan_food_dialogue,33,line:31281c6d,ca545deecbd9950d,Kobold,
L10 Ryan,picnic,ryan_food_dialogue,34,line:a7181b1a,4a94ef80ae21582a,Kobold,
L10 Ryan,picnic,ryan_food_dialogue,35,line:3605a48a,0ea02ee3f0c5673d,Ryan,
L10 Ryan,picnic,ryan_food_dialogue,36,line:a035a3fd,58b69c47fed8b38f,Kobold,
L10 Ryan,picnic,ryan_food_dialogue,37,line:69dd6a73,3ae2d547c997ca01,Kobold,
L10 Ryan,picnic,ryan_food_dialogue,38,line:45bc649d,474246952e0d1e50,Ryan,
L10 Ryan,picnic,ryan_food_dialogue,39,line:d38c63ea,fc4c4ac0587e24db,Ryan,
L10 Ryan,picnic,ryan_food_dialogue,40,line:ffed6d04,c0fb8d4f93270198,Ryan,
L10 Ryan,picnic,ryan_food_dialogue,41,line:5c78099a,82767de7e3e22a4a,Ryan,
L10 Ryan,picnic,ryan_food_dialogue,42,line:ca480eed,b423c91f4f75add4,Kobold,
L10 Ryan,picnic,ryan_food_dialogue,43,line:e6290003,80c500f9c426d4cc,Kobold,
L10 Ryan,picnic,ryan_food_dialogue,44,line:70190774,1aa7b1c1d5fb1fd6,Ryan,
L10 Ryan,picnic,ryan_food_dialogue,45,line:7734bf93,ec786c9a7656b0f9,Ryan,
L10 Ryan,picnic,ryan_food_dialogue,46,line:3b6d644d,b356a126e4318643,Ryan,
L10 Ryan,picnic,ryan_food_dialogue,47,line:ad5d633a,028dbc8d077c611f,Ryan,
L10 Ryan,picnic,ryan_food_dialogue,48,line:170c6aa3,ae590830c4c03fd1,Ryan,
L10 Ryan,picnic,ryan_food_dialogue,49,line:813c6dd4,b4066b4e58df8005,Kobold,
L10 Ryan,picnic,ryan_food_dialogue,50,line:b4990e3d,8c7e5a49ec8fd685,Kobold,
L10 Ryan,picnic,ryan_food_dialogue,51,line:22a9094a,710ea0057247cb51,Ryan,
L10 Ryan,picnic,ryan_food_dialogue,52,line:0ec807a4,de4d091acdb6059c,Ryan,
L10 Ryan,picnic,ryan_food_dialogue,53,line:98f800d3,35e3561cd36f36d6,Ryan,
L10 Ryan,picnic,ryan_food_dialogue,54,line:09e5bf43,f05160456925af3f,Ryan,
L10 Ryan,picnic,ryan_food_dialogue,55,line:9fd5b834,a01d64fcb9d7d3a5,Kobold,
L10 Ryan,picnic,ryan_food_dialogue,56,line:563d71ba,65691ff38c85e57c,Kobold,
L10 Ryan,picnic,ryan_food_dialogue,57,line:7a5c7f54,d323e565ed8ea749,Ryan,
L10 Ryan,picnic,ryan_food_dialogue,58,line:ec6c7823,145e6a2d848267cb,Ryan,
L10 Ryan,picnic,ryan_food_dialogue,59,line:c00d76cd,0cc014df7d89d3e1,Ryan,
L10 Ryan,picnic,ryan_food_dialogue,60,line:63981253,eea7bdf3ab3f251c,Ryan,
L10 Ryan,picnic,ryan_food_dialogue,61,line:4ff91cbd,d619413abc4a1de1,Ryan,
L10 Ryan,picnic,ryan_food_dialogue,62,line:d9c91bca,c2acc8d962a0c936,Ryan,
L10 Ryan,picnic,ryan_food_dialogue,63,line:48d4a45a,2374bdd10aea40ba,Kobold,
L10 Ryan,picnic,ryan_food_dialogue,64,line:dee4a32d,58a5e5a5a9482e96,Kobold,
L10 Ryan,picnic,ryan_food_dialogue,65,line:b90f527f,3d14bcafbc3f21c6,Ryan,
L10 Ryan,picnic,ryan_food_dialogue,66,line:2f3f5508,882d8b921688234c,Kobold,
L10 Ryan,picnic,ryan_food_dialogue,67,line:a0cb3f78,871f43cb596daa39,Kobold,
L10 Ryan,picnic,ryan_food_dialogue,68,line:956e5c91,eeedcdd5eaa13110,Ryan,
L10 Ryan,picnic,ryan_food_dialogue,69,line:035e5be6,dcfc67b1e58c5a49,Ryan,
L10 Ryan,picnic,ryan_food_dialogue,70,line:36fb380f,70300517b020a458,Ryan,
L10 Ryan,picnic,ryan_food_dialogue,71,line:8caa3196,abe281ce74304803,Ryan,
L10 Ryan,picnic,ryan_food_dialogue,72,line:1a9a36e1,9144d5ad20e5a9e8,Kobold,
L10 Ryan,picnic,ryan_food_dialogue,73,line:cd9b2a8f,e39b086d1bff71b1,Kobold,
L10 Ryan,picnic,ryan_food_dialogue,74,line:0d20d327,1f50e1361eaeacbf,Kobold,
L10 Ryan,picnic,ryan_food_dialogue,75,line:8b878971,489184ee3c2573f9,Ryan,
L10 Ryan,picnic,ryan_food_dialogue,76,line:1db78e06,28f3547a6af39629,Ryan,
L10 Ryan,picnic,ryan_food_dialogue,77,line:f83e4966,fcd75c87b326482c,Kobold,
L10 Ryan,picnic,ryan_food_dialogue,78,line:6e0e4e11,a66a9f98f63d5aaf,Kobold,
L10 Ryan,picnic,ryan_food_dialogue,79,line:d45f4788,39619dc71b15dfde,Ryan,
L10 Ryan,picnic,ryan_food_dialogue,80,line:426f40ff,b2d03d0e5222d95c,Ryan,
L10 Ryan,picnic,ryan_food_dialogue,81,line:e1fa2461,17c800776b082018,Kobold,
L10 Ryan,picnic,ryan_food_dialogue,82,line:77ca2316,56372773e401e131,Kobold,
L10 Ryan,picnic,ryan_food_dialogue,83,line:5bab2df8,97cffb9a377004b2,Ryan,
L10 Ryan,picnic,ryan_food_dialogue,84,line:cab69268,50ce0561192b6b01,Ryan,
L10 Ryan,picnic,ryan_food_dialogue,85,line:5c86951f,e823adcc22fd50c2,Kobold,
L10 Ryan,picnic,ryan_food_dialogue,86,line:a9980f5e,62e851c911a254bb,Kobold,
L10 Ryan,picnic,ryan_food_dialogue,87,line:3fa80829,773c0ce37ffbb546,Ryan,
L10 Ryan,picnic,ryan_food_dialogue,88,line:13c906c7,1c6058ce1c7242cf,Ryan,
L10 Ryan,picnic,ryan_food_dialogue,89,line:85f901b0,32e4e8851f8ac398,Ryan,
L10 Ryan,picnic,ryan_food_dialogue,90,line:266c652e,0a94f0c3b65c425c,Ryan,
L10 Ryan,picnic,ryan_food_dialogue,91,line:b05c6259,8c39f31ac476e20e,Kobold,
L10 Ryan,picnic,ryan_food_dialogue,92,line:0a0d6bc0,db8848bda5df285f,Kobold,
L10 Ryan,picnic,ryan_food_dialogue,93,line:9c3d6cb7,f0394a2181ae8df6,Ryan,
L10 Ryan,picnic,ryan_food_dialogue,94,line:9b10d450,d48a9423f250312c,Ryan,
L10 Ryan,picnic,ryan_food_dialogue,95,line:7e991330,6eb520b95e8c6388,Kobold,
L10 Ryan,picnic,ryan_food_dialogue,96,line:e8a91447,c97f0b6b1b436f26,Kobold,
L10 Ryan,picnic,ryan_food_dialogue,97,line:52f81dde,a1bf90b10d887726,Ryan,
L10 Ryan,picnic,ryan_food_dialogue,98,line:c4c81aa9,6943d0645de48850,Ryan,
L10 Ryan,picnic,ryan_food_dialogue,99,line:675d7e37,a695d517f16d1719,Kobold,
L10 Ryan,picnic,ryan_food_dialogue,100,line:4b3c70d9,dbeb304df456a424,Kobold,
L10 Ryan,picnic,ryan_food_dialogue,101,line:4c11c83e,3c29c25f0a23d26a,Kobold,
L10 Ryan,picnic,ryan_food_dialogue,102,line:bdca3e1b,0911d52bc2d9f70b,Kobold,
L10 Ryan,picnic,ryan_food_dialogue,103,line:f16d7940,4aa9ae5f4bbb8541,Ryan,
L10 Ryan,picnic,ryan_food_dialogue,104,line:dd0c77ae,7859d5c981752171,Ryan,
L10 Ryan,picnic,ryan_food_dialogue,105,line:da21cf49,d8c70d62d0457935,Ryan,
L10 Ryan,picnic,ryan_food_dialogue,106,line:2bfa396c,00079873ed68f67e,Ryan,
L10 Ryan,picnic,ryan_food_dialogue,107,line:91ab30f5,fac3f85c3c835445,Ryan,
L10 Ryan,picnic,ryan_food_dialogue,108,line:079b3782,37e125daa86112bd,Ryan,
L10 Ryan,picnic,ryan_food_dialogue,109,line:a40e531c,120807e0d30c65d5,Kobold,
L10 Ryan,picnic,ryan_food_dialogue,110,line:323e546b,94ddf87d22b36d07,Kobold,
L10 Ryan,picnic,ryan_food_dialogue,111,line:886f5df2,02ca8c073be8669d,Ryan,
L10 Ryan,picnic,Ryan_grab_basket,1,line:9be63f47,3276ca6f923e3a2e,Ryan,
L10 Ryan,picnic,Ryan_grab_basket,2,line:0dd63830,1790d1bc285d158f,Kobold,
L10 Ryan,picnic,Ryan_grab_basket,3,line:f0427bb9,fab7cff668586c9b,Kobold,
L10 Ryan,picnic,Ryan_grab_basket,4,line:66727cce,3f519f6990d85e4d,Ryan,
L10 Ryan,picnic,Ryan_grab_basket,5,line:4a137220,38953523aa1d8dc9,Ryan,
L10 Ryan,picnic,Ryan_grab_basket,6,line:dc237557,f44e62ce0d92a9c3,Ryan,
L10 Ryan,picnic,Ryan_grab_basket,7,line:7fb611c9,dbe7ccbf37aed06a,Kobold,
L10 Ryan,picnic,Ryan_grab_basket,8,line:c5e71850,96082d9f598cc1db,Kobold,
L10 Ryan,picnic,Ryan_grab_basket,9,line:e98616be,5be9d07e2e19a321,Ryan,
L10 Ryan,picnic,Ryan_grab_basket,10,line:53d71f27,eea2772cf2ab51f9,Ryan,
L10 Ryan,picnic,Ryan_grab_basket,11,line:54faa7c0,5da686787e870bc2,Ryan,
L10 Ryan,picnic,Ryan_grab_basket,12,line:c2caa0b7,dfdd49c96bf70312,Ryan,
L10 Ryan,picnic,Ryan_grab_basket,13,line:274367d7,7efd9697b321d608,Ryan,
L10 Ryan,picnic,Ryan_grab_basket,14,line:b17360a0,2fc5be91325a9449,Ryan,
L10 Ryan,picnic,Ryan_grab_basket,15,line:0b226939,097832ea20a37b63,Kobold,
L10 Ryan,picnic,Ryan_grab_basket,16,line:3e870ad0,b8a4a2d6c54c16d8,Kobold,
L10 Ryan,picnic,Ryan_grab_basket,17,line:9d126e4e,460dbc14c8f22914,Ryan,
L10 Ryan,picnic,Ryan_grab_basket,18,line:a8b70da7,6e1aac9408968a3c,Ryan,
L10 Ryan,picnic,Ryan_grab_basket,19,line:12e6043e,fe3e5d4e4925ddb6,Ryan,
L10 Ryan,picnic,Ryan_grapes_dialog,1,line:418498cf,46ca5d912bed1dcc,Kobold,$food_number
L10 Ryan,picnic,Ryan_grapes_dialog,2,line:13ca0a74,33f099ac348159d4,Kobold,$food_number
L10 Ryan,picnic,Ryan_grapes_dialog,3,line:d7b49fb8,174343e1e975e68b,Ryan,$food_number
L10 Ryan,picnic,Ryan_grapes_dialog,4,line:b05f6eea,976fdc62e4cbffcf,Kobold,$food_number
L10 Ryan,picnic,Ryan_grapes_dialog,5,line:a99b03ed,8e4f1f66ab3b3860,Kobold,$food_number
L10 Ryan,picnic,Ryan_grapes_dialog,6,line:266f699d,d053df82397c2f86,Ryan,$food_number
L10 Ryan,picnic,Ryan_grapes_dialog,7,line:9c3e6004,c994875a9f5c8520,Ryan,$food_number
L10 Ryan,picnic,Ryan_grapes_dialog,8,line:0a0e6773,025e9c74601a1a65,Ryan,$food_number
L10 Ryan,picnic,Ryan_grapes_dialog,9,line:3fab049a,b689b40a79b968df,Ryan,$food_number
L10 Ryan,picnic,Ryan_grapes_dialog,10,line:85fa0d03,8d834797bd163119,Ryan,$food_number
L10 Ryan,picnic,Ryan_grapes_dialog,11,line:82d7b5e4,27935fd7477eba77,Ryan,$food_number
L10 Ryan,picnic,Ryan_grapes_dialog,12,line:14e7b293,0b71d27200d13a33,Kobold,$food_number
L10 Ryan,picnic,Ryan_grapes_dialog,13,line:4b3f7c6a,47252f2c75dea9ef,Kobold,$food_number
L10 Ryan,picnic,Ryan_grapes_dialog,14,line:f16e75f3,5af35db6f8fe39ad,Ryan,$food_number
L10 Ryan,picnic,Ryan_grapes_dialog,15,line:675e7284,79436a008466d243,Ryan,$food_number
L10 Ryan,picnic,Ryan_grapes_dialog,16,line:dd0f7b1d,49e7a64aec55ff2a,Ryan,$food_number
L10 Ryan,picnic,Ryan_grapes_dialog,17,line:e8aa18f4,5f82b968ccbb4aaa,Ryan,$food_number
L10 Ryan,picnic,Ryan_grapes_dialog,18,line:7e9a1f83,f9a3f85545840310,Ryan,$food_number
L10 Ryan,picnic,Ryan_grapes_dialog,19,line:c4cb161a,53494acb38981cff,Ryan,$food_number
L10 Ryan,picnic,Ryan_grapes_dialog,20,line:52fb116d,77e53d1b1d33b9f0,Ryan,$food_number
L10 Ryan,picnic,Ryan_ham_dialog,1,line:202fce0c,cb2d2f80636d8a49,Kobold,$food_number
L10 Ryan,picnic,Ryan_ham_dialog,2,line:c0e34d36,523a9690a00a7803,Kobold,$food_number
L10 Ryan,picnic,Ryan_ham_dialog,3,line:b132719c,618839c9ee1f8a65,Ryan,$food_number
L10 Ryan,picnic,Ryan_ham_dialog,4,line:270276eb,5b917e0078e6beb0,Ryan,$food_number
L10 Ryan,picnic,Ryan_ham_dialog,5,line:4f172746,7a41a3b5d6e1acf7,Kobold,$food_number
L10 Ryan,picnic,Ryan_ham_dialog,6,line:f5462edf,50017e1803bb849e,Kobold,$food_number
L10 Ryan,picnic,Ryan_ham_dialog,7,line:d9272031,f7d4b26ff67eee38,Ryan,$food_number
L10 Ryan,picnic,Ryan_ham_dialog,8,line:637629a8,b86257f47d85426e,Ryan,$food_number
L10 Ryan,picnic,Ryan_ham_dialog,9,line:56d34a41,a165524a35a75706,Ryan,$food_number
L10 Ryan,picnic,Ryan_ham_dialog,10,line:7ab244af,db22d9512845d515,Ryan,$food_number
L10 Ryan,picnic,Ryan_ham_dialog,11,line:ec8243d8,a5af381d1ec66e2a,Ryan,$food_number
L10 Ryan,picnic,Ryan_ham_dialog,12,line:7d9ffc48,180983e0a4f4e327,Ryan,$food_number
L10 Ryan,picnic,Ryan_melon_dialog,1,line:8f598864,e1d0d09daa3129d9,Ryan,$food_number
L10 Ryan,picnic,Ryan_melon_dialog,2,line:19698f13,8725851a4492f86f,Kobold,$food_number
L10 Ryan,picnic,Ryan_melon_dialog,3,line:c0161bbc,991947f3461b26a7,Kobold,$food_number
L10 Ryan,picnic,Ryan_melon_dialog,4,line:7a471225,7d20121dc2fa0757,Ryan,$food_number
L10 Ryan,picnic,Ryan_melon_dialog,5,line:ec771552,41f87d2c55073e29,Ryan,$food_number
L10 Ryan,picnic,Ryan_melon_dialog,6,line:56261ccb,4fafd5a0c9f29d5f,Ryan,$food_number
L10 Ryan,picnic,Ryan_melon_dialog,7,line:63837f22,dc8488830f9d7192,Ryan,$food_number
L10 Ryan,picnic,Ryan_melon_dialog,8,line:f5b37855,7dedd07a7558afa9,Ryan,$food_number
L10 Ryan,picnic,Ryan_melon_dialog,9,line:4fe271cc,8b4a775ae776722a,Kobold,$food_number
L10 Ryan,picnic,Ryan_melon_dialog,10,line:deffce5c,ef03f59f06da8fa4,Kobold,$food_number
L10 Ryan,picnic,Ryan_melon_dialog,11,line:d9d276bb,4fc09f2d61d5cc43,Ryan,$food_number
L10 Ryan,picnic,Ryan_melon_dialog,12,line:48cfc92b,032ea150ccdf88be,Ryan,$food_number
L10 Ryan,picnic,Ryan_melon_dialog,13,line:3b76093c,aad3715a2f685dc3,Ryan,$food_number
L10 Ryan,picnic,Ryan_melon_dialog,14,line:ad460e4b,b0a73a78b7d9045b,Kobold,$food_number
L10 Ryan,picnic,Ryan_melon_dialog,15,line:22b2643b,1b4b607607b8c988,Kobold,$food_number
L10 Ryan,picnic,Ryan_melon_dialog,16,line:171707d2,30ff5a696a0def56,Ryan,$food_number
L10 Ryan,picnic,Ryan_melon_dialog,17,line:812700a5,ab5df625bc76dbd4,Ryan,$food_number
L10 Ryan,picnic,Ryan_melon_dialog,18,line:b482634c,901c77872c53d308,Ryan,$food_number
L10 Ryan,jerkoff,Ryan_4_JerkOff_Start,1,line:c35b717a,2d434662c42f6a6c,Ryan,
L10 Ryan,jerkoff,Ryan_4_JerkOff_Start,2,line:5246ceea,031703a96ac0df8c,Ryan,
L10 Ryan,cum,Ryan_4_Cum,1,line:45507089,3b1c48772bd5889e,Ryan,
L10 Ryan,mount_start,Ryan_4_Mount_Start,1,line:4b93b009,2f31dcbcaa980550,Ryan,
L10 Ryan,mount_finish,Ryan_4_Mount_Finish,1,line:d2ba8ba9,833d21b8cd952764,Ryan,
L11 Conrad,intro,Conrad_Intro_4,1,line:8f64adc0,a67959dc39353129,Conrad,
L11 Conrad,intro,Conrad_Intro_4,2,line:1954aab7,c1a949184675fa92,Conrad,
L11 Conrad,intro,Conrad_Intro_4,3,line:bac1ce29,60f8f02dd7a80d00,Kobold,
L11 Conrad,intro,Conrad_Intro_4,4,line:2cf1c95e,6e98155abad655c3,Kobold,
L11 Conrad,intro,Conrad_Intro_4,5,line:96a0c0c7,9cf9d4fc71363f68,Kobold,
L11 Conrad,intro,Conrad_Intro_4,6,line:0090c7b0,67beed0c39e205b4,Kobold,
L11 Conrad,intro,Conrad_Intro_4,7,line:8ebd442e,d22e2236304b2ef0,Kobold,
L11 Conrad,intro,Conrad_Intro_4,8,line:a2b4acea,6183e901a5a22ddc,Kobold,
L11 Conrad,intro,Conrad_Intro_4,9,line:918d7820,3c0eb60cca3b1422,Conrad,
L11 Conrad,intro,Conrad_Intro_4,10,line:07bd7f57,ad13467d89f77645,Conrad,
L11 Conrad,intro,Conrad_Intro_4,11,line:6c193ba9,25aab860a8266c4c,Conrad,
L11 Conrad,intro,Conrad_Intro_4,12,line:fa293cde,42e1b9a73c953f33,Kobold,
L11 Conrad,intro,Conrad_Intro_4,13,line:e3ed51d9,be118711068118d5,Kobold,
L11 Conrad,intro,Conrad_Intro_4,14,line:cf8c5f37,a4008861bf24c47d,Kobold,
L11 Conrad,intro,Conrad_Intro_4,15,line:40783547,a951e05bf8506af1,Conrad,
L11 Conrad,intro,Conrad_Intro_4,16,line:d6483230,ab5df625bc76dbd4,Conrad,
L11 Conrad,intro,Conrad_Intro_4,17,line:75dd56ae,765af85f1bd7eafe,Conrad,
L11 Conrad,intro,Conrad_Intro_4,18,line:59bc5840,199e91c738a75b4c,Conrad,
L11 Conrad,intro,Conrad_Intro_4,19,line:5e91e0a7,926069483fd35835,Conrad,
L11 Conrad,intro,Conrad_Intro_4,20,line:c8a1e7d0,8c9dc9229a7630ce,Conrad,
L11 Conrad,intro,Conrad_Intro_4,21,line:2d2820b0,3ee865676f6e4c99,Kobold,
L11 Conrad,intro,Conrad_Intro_4,22,line:a2dc4ac0,5fae46a5c8669c29,Kobold,
L11 Conrad,intro,Conrad_Intro_4,23,line:bb1827c7,daa08f627cbbfb9e,Conrad,
L11 Conrad,intro,Conrad_Intro_4,24,line:01492e5e,20ee725c28fb397e,Conrad,
L11 Conrad,intro,Conrad_Intro_4,25,line:97792929,374fe9cc22a15007,Kobold,
L11 Conrad,intro,Conrad_Intro_4,26,line:34ec4db7,f51bead488e14b65,Conrad,
L11 Conrad,intro,Conrad_Intro_4,27,line:188d4359,f51bead488e14b65,Conrad,
L11 Conrad,intro,Conrad_Intro_4,28,line:1fa0fbbe,ae53715099e0d53d,Conrad,
L11 Conrad,intro,Conrad_Intro_4,29,line:8990fcc9,caefb85b87a51126,Kobold,
L11 Conrad,intro,Conrad_Intro_4,30,line:e385b7f3,0452c0f1847f4a72,Kobold,
L11 Conrad,intro,Conrad_Intro_4,31,line:59d4be6a,a951e05bf8506af1,Conrad,
L11 Conrad,intro,Conrad_Intro_4,32,line:cfe4b91d,ab5df625bc76dbd4,Conrad,
L11 Conrad,intro,Conrad_Intro_4,33,line:75b5b084,940b2bb279fbfd8a,Conrad,
L11 Conrad,intro,Conrad_Intro_4,34,line:4010d36d,6c42e3202026a3e8,Conrad,
L11 Conrad,intro,Conrad_Intro_4,35,line:d620d41a,91b34251e9ff7711,Conrad,
L11 Conrad,intro,Conrad_Intro_4,36,line:6c71dd83,abc0fe0ceed24339,Kobold,
L11 Conrad,intro,Conrad_Intro_4,37,line:fa41daf4,ab20df82132f07cc,Conrad,
L11 Conrad,intro,Conrad_Intro_4,38,line:6b5c6564,17c5f180de5a8348,Conrad,
L11 Conrad,intro,Conrad_Intro_4,39,line:fd6c6213,9912569ea696f8ed,Kobold,
L11 Conrad,intro,Conrad_Intro_4,40,line:8ed5a204,106f99c061d35f26,Kobold,
L11 Conrad,intro,Conrad_Intro_4,41,line:18e5a573,f71200a57e2d1d7a,Conrad,
L11 Conrad,intro,Conrad_Intro_4,42,line:3484ab9d,1aa7b1c1d5fb1fd6,Conrad,
L11 Conrad,intro,Conrad_Intro_4,43,line:0121c874,65bee50d904e101d,Conrad,
L11 Conrad,intro,Conrad_Intro_4,44,line:9711cf03,4d5dda82efc31458,Conrad,
L11 Conrad,intro,Conrad_Intro_4,45,line:2d40c69a,0ecdd0ec4c0cf66c,Kobold,
L11 Conrad,intro,Conrad_Intro_4,46,line:dbb68858,5fae46a5c8669c29,Kobold,
L11 Conrad,intro,Conrad_Intro_4,47,line:f7d786b6,3252727dec6314c5,Kobold,
L11 Conrad,intro,Conrad_Intro_4,48,line:bb70c1ed,91bc8d1d6dc8cdb7,Conrad,
L11 Conrad,intro,Conrad_Intro_4,49,line:2a6d7e7d,bd7468846a30d095,Kobold,
L11 Conrad,intro,Conrad_Intro_4,50,line:bc5d790a,1aa7b1c1d5fb1fd6,Conrad,
L11 Conrad,intro,Conrad_Intro_4,51,line:4d868f2f,1aa7b1c1d5fb1fd6,Conrad,
L11 Conrad,intro,Conrad_Intro_4,52,line:61e781c1,a951e05bf8506af1,Conrad,
L11 Conrad,intro,Conrad_Intro_4,53,line:c272e55f,ab5df625bc76dbd4,Conrad,
L11 Conrad,intro,Conrad_Intro_4,54,line:5442e228,1aced2f074444bdc,Kobold,
L11 Conrad,progress,Conrad_required_4,1,line:e7353d24,a5965f548b64e3cf,Conrad,
L11 Conrad,progress,Conrad_required_4,2,line:71053a53,9ad0664c4ac1572a,Kobold,
L11 Conrad,progress,Conrad_required_4,3,line:e01885c3,fad448038cd06268,Kobold,
L11 Conrad,progress,Conrad_required_4,4,line:762882b4,d448809fdbbeaf11,Kobold,
L11 Conrad,progress,Conrad_required_4,5,line:93a145d4,51dbc8c7be16145b,Kobold,
L11 Conrad,progress,Conrad_required_4,6,line:059142a3,9ad0664c4ac1572a,Kobold,
L11 Conrad,progress,Conrad_required_4,7,line:bfc04b3a,fad448038cd06268,Kobold,
L11 Conrad,progress,Conrad_4_Ryan_Conrad_Romanced,1,line:bb8583c1,e6071cb4e7c448c8,Conrad,$ryan_conrad_romanced $conrad_romanced $ryan_romanced
L11 Conrad,progress,Conrad_4_Ryan_Conrad_Romanced,2,line:1810e75f,9ee7e6a6ebccf907,Conrad,$ryan_conrad_romanced $conrad_romanced $ryan_romanced
L11 Conrad,progress,Conrad_4_Ryan_Conrad_Romanced,3,line:8e20e028,f7af2bd25c827e3d,Kobold,$ryan_conrad_romanced $conrad_romanced $ryan_romanced
L11 Conrad,progress,Conrad_4_Ryan_Conrad_Romanced,4,line:5072cc60,a58248b820567c49,Kobold,$ryan_conrad_romanced $conrad_romanced $ryan_romanced
L11 Conrad,progress,Conrad_4_Ryan_Conrad_Romanced,5,line:3471e9b1,528e2755301df89e,Conrad,$ryan_conrad_romanced $conrad_romanced $ryan_romanced
L11 Conrad,progress,Conrad_4_Ryan_Conrad_Romanced,6,line:a241eec6,71cfcccd17dc37fc,Conrad,$ryan_conrad_romanced $conrad_romanced $ryan_romanced
L11 Conrad,progress,Conrad_4_Ryan_Conrad_Romanced,7,line:335c5156,93a2ca86985333fe,Kobold,$ryan_conrad_romanced $conrad_romanced $ryan_romanced
L11 Conrad,progress,Conrad_4_Ryan_Conrad_Romanced,8,line:a56c5621,55842427ae2db4e3,Kobold,$ryan_conrad_romanced $conrad_romanced $ryan_romanced
L11 Conrad,progress,Conrad_4_Ryan_Conrad_Romanced,9,line:c642cb17,f51bead488e14b65,Conrad,$ryan_conrad_romanced $conrad_romanced $ryan_romanced
L11 Conrad,progress,Conrad_4_Ryan_Conrad_Romanced,10,line:ea23c5f9,162762064c5d0461,Conrad,$ryan_conrad_romanced $conrad_romanced $ryan_romanced
L11 Conrad,progress,Conrad_4_Ryan_Conrad_Romanced,11,line:7c13c28e,4ae6d6619b0245f7,Kobold,$ryan_conrad_romanced $conrad_romanced $ryan_romanced
L11 Conrad,progress,Conrad_4_Ryan_Conrad_Romanced,12,line:49b6a167,6267e98361c404ca,Kobold,$ryan_conrad_romanced $conrad_romanced $ryan_romanced
L11 Conrad,progress,Conrad_4_Ryan_Conrad_Romanced,13,line:df86a610,7c0c5a4da3de6046,Conrad,$ryan_conrad_romanced $conrad_romanced $ryan_romanced
L11 Conrad,progress,Conrad_4_Ryan_Conrad_Romanced,14,line:f3e7a8fe,207d91f2342e8d0c,Conrad,$ryan_conrad_romanced $conrad_romanced $ryan_romanced
L11 Conrad,progress,Conrad_4_Conrad_Romanced,1,line:28c51dbf,a8ee5e15400fc208,Conrad,$ryan_conrad_romanced $conrad_romanced $ryan_romanced
L11 Conrad,progress,Conrad_4_Conrad_Romanced,2,line:b9d8a22f,3ee865676f6e4c99,Kobold,$ryan_conrad_romanced $conrad_romanced $ryan_romanced
L11 Conrad,progress,Conrad_4_Conrad_Romanced,3,line:2fe8a558,f2f6817fb49621c2,Kobold,$ryan_conrad_romanced $conrad_romanced $ryan_romanced
L11 Conrad,progress,Conrad_4_Conrad_Romanced,4,line:ca616238,82ddb728ff9d18a9,Conrad,$ryan_conrad_romanced $conrad_romanced $ryan_romanced
L11 Conrad,progress,Conrad_4_Conrad_Romanced,5,line:5c51654f,fc253d9eb67cd473,Kobold,$ryan_conrad_romanced $conrad_romanced $ryan_romanced
L11 Conrad,progress,Conrad_4_Conrad_Romanced,6,line:e6006cd6,9a03666243082379,Kobold,$ryan_conrad_romanced $conrad_romanced $ryan_romanced
L11 Conrad,progress,Conrad_4_Conrad_Romanced,7,line:70306ba1,67f68a72462bca9b,Conrad,$ryan_conrad_romanced $conrad_romanced $ryan_romanced
L11 Conrad,progress,Conrad_4_Conrad_Romanced,8,line:d3a50f3f,45ec6449f36fb5b9,Conrad,$ryan_conrad_romanced $conrad_romanced $ryan_romanced
L11 Conrad,progress,Conrad_4_Conrad_Romanced,9,line:45950848,ee6194b2fabfafdc,Kobold,$ryan_conrad_romanced $conrad_romanced $ryan_romanced
L11 Conrad,progress,Conrad_4_Conrad_Romanced,10,line:ffc401d1,38c7fbb586ed7788,Kobold,$ryan_conrad_romanced $conrad_romanced $ryan_romanced
L11 Conrad,progress,Conrad_4_Conrad_Romanced,11,line:69f406a6,de408e85752b4a9e,Conrad,$ryan_conrad_romanced $conrad_romanced $ryan_romanced
L11 Conrad,progress,Conrad_Ryan_Romanced,1,line:a6d6bf76,8dc7f14f91542fe7,Conrad,$ryan_conrad_romanced $conrad_romanced $ryan_romanced
L11 Conrad,progress,Conrad_Ryan_Romanced,2,line:30e6b801,498cb71ee3e20098,Kobold,$ryan_conrad_romanced $conrad_romanced $ryan_romanced
L11 Conrad,progress,Conrad_Ryan_Romanced,3,line:c13d4e24,37d827f8025ee687,Kobold,$ryan_conrad_romanced $conrad_romanced $ryan_romanced
L11 Conrad,progress,Conrad_Ryan_Romanced,4,line:800c553d,64db0ca49ca9563d,Kobold,$ryan_conrad_romanced $conrad_romanced $ryan_romanced
L11 Conrad,progress,Conrad_Ryan_Romanced,5,line:570d4953,bdfc096fee84c4fb,Conrad,$ryan_conrad_romanced $conrad_romanced $ryan_romanced
L11 Conrad,progress,Conrad_Ryan_Romanced,6,line:7b6c47bd,cb24c38318e64595,Conrad,$ryan_conrad_romanced $conrad_romanced $ryan_romanced
L11 Conrad,progress,Conrad_Ryan_Romanced,7,line:ed5c40ca,bdfc096fee84c4fb,Conrad,$ryan_conrad_romanced $conrad_romanced $ryan_romanced
L11 Conrad,progress,Conrad_Ryan_Romanced,8,line:4ec92454,0e5b54a94da4725b,Kobold,$ryan_conrad_romanced $conrad_romanced $ryan_romanced
L11 Conrad,progress,Conrad_Ryan_Romanced,9,line:f3b5952a,5f9173229e51d947,Kobold,$ryan_conrad_romanced $conrad_romanced $ryan_romanced
L11 Conrad,progress,Conrad_Ryan_Romanced,10,line:d8f92323,68fa6f383249196c,Conrad,$ryan_conrad_romanced $conrad_romanced $ryan_romanced
L11 Conrad,progress,Conrad_Ryan_Romanced,11,line:62a82aba,e589607da4e2983d,Conrad,$ryan_conrad_romanced $conrad_romanced $ryan_romanced
L11 Conrad,progress,Conrad_Ryan_Romanced,12,line:f4982dcd,d69f5ee422fdf377,Conrad,$ryan_conrad_romanced $conrad_romanced $ryan_romanced
L11 Conrad,progress,Conrad_Ryan_Romanced,13,line:6585925d,9aab87987aca7783,Conrad,$ryan_conrad_romanced $conrad_romanced $ryan_romanced
L11 Conrad,progress,Conrad_Ryan_Romanced,14,line:163c524a,7b42e92a68e914e0,Conrad,$ryan_conrad_romanced $conrad_romanced $ryan_romanced
L11 Conrad,progress,Conrad_Ryan_Romanced,15,line:3a5d5ca4,88b86bef7b86a770,Conrad,$ryan_conrad_romanced $conrad_romanced $ryan_romanced
L11 Conrad,progress,Conrad_Ryan_Romanced,16,line:ac6d5bd3,bdfc096fee84c4fb,Conrad,$ryan_conrad_romanced $conrad_romanced $ryan_romanced
L11 Conrad,jerkoff,Conrad_4_JerkOff_Start,1,line:6866c2c9,395b9d676b6c01c5,Conrad,
L11 Conrad,cum,Conrad_4_Cum,1,line:8fe11008,cf5ea034da108d57,Conrad,
L11 Conrad,mount_start,Conrad_4_Mount_Start,1,line:f99eb2ff,9c4eeb4a7cc4c1e1,Conrad,
L11 Conrad,mount_finish,Conrad_4_Mount_Finish,1,line:88d7e1e2,307f6f92f16156e7,Conrad,
L11 Conrad,outro,Conrad_Outro_4,1,line:6c2a1901,4012236175bc195e,Kobold,
L11 Conrad,outro,Conrad_Outro_4,2,line:fa1a1e76,5fa2cf3854ecc8d9,Kobold,
L11 Conrad,outro,Conrad_Outro_4,3,line:404b17ef,2ce654e6ba32ebb8,Kobold,
L11 Conrad,outro,Conrad_Outro_4,4,line:d67b1098,d6d9eff64b0d7187,Kobold,
L11 Conrad,outro,Conrad_Outro_4,5,line:4766af08,feda452e0c677f41,Kobold,
L11 Conrad,outro,Conrad_Outro_4,6,line:d156a87f,e2956ac74f8acb8e,Kobold,
L11 Conrad,outro,Conrad_Outro_4_Ryan_Conrad_Romanced,1,line:ab1bc039,0fa2abeece5fd3de,Conrad,$ryan_conrad_romanced $conrad_romanced $ryan_romanced
L11 Conrad,outro,Conrad_Outro_4_Ryan_Conrad_Romanced,2,line:3d2bc74e,1b5f2f27de868c08,Conrad,$ryan_conrad_romanced $conrad_romanced $ryan_romanced
L11 Conrad,outro,Conrad_Outro_4_Ryan_Conrad_Romanced,3,line:877aced7,ebc110388e3748fa,Kobold,$ryan_conrad_romanced $conrad_romanced $ryan_romanced
L11 Conrad,outro,Conrad_Outro_4_Ryan_Conrad_Romanced,4,line:b2dfad3e,5bc10e8175dc9422,Kobold,$ryan_conrad_romanced $conrad_romanced $ryan_romanced
L11 Conrad,outro,Conrad_Outro_4_Ryan_Conrad_Romanced,5,line:114ac9a0,3da3a77980cb9eb9,Conrad,$ryan_conrad_romanced $conrad_romanced $ryan_romanced
L11 Conrad,outro,Conrad_Outro_4_Ryan_Conrad_Romanced,6,line:24efaa49,43e42fb816f1d2c2,Conrad,$ryan_conrad_romanced $conrad_romanced $ryan_romanced
L11 Conrad,outro,Conrad_Outro_4_Ryan_Conrad_Romanced,7,line:9ebea3d0,603a3749013e876b,Conrad,$ryan_conrad_romanced $conrad_romanced $ryan_romanced
L11 Conrad,outro,Conrad_Outro_4_Ryan_Conrad_Romanced,8,line:088ea4a7,189f4f64972cc1fe,Conrad,$ryan_conrad_romanced $conrad_romanced $ryan_romanced
L11 Conrad,outro,Conrad_Outro_4_Ryan_Conrad_Romanced,9,line:99931b37,40b8366766a655d6,Conrad,$ryan_conrad_romanced $conrad_romanced $ryan_romanced
L11 Conrad,outro,Conrad_Outro_4_Ryan_Conrad_Romanced,10,line:0fa31c40,dde93c3f47e98763,Conrad,$ryan_conrad_romanced $conrad_romanced $ryan_romanced
L11 Conrad,outro,Conrad_Outro_4_Ryan_Conrad_Romanced,11,line:ea2adb20,0a47996c4c389f39,Kobold,$ryan_conrad_romanced $conrad_romanced $ryan_romanced
L11 Conrad,outro,Conrad_Outro_4_Ryan_Conrad_Romanced,12,line:f3eeb627,589c19f0d1fb2d81,Kobold,$ryan_conrad_romanced $conrad_romanced $ryan_romanced
L11 Conrad,outro,Conrad_Outro_4_Ryan_Conrad_Romanced,13,line:7c1adc57,56345c46f3840a46,Conrad,$ryan_conrad_romanced $conrad_romanced $ryan_romanced
L11 Conrad,outro,Conrad_Outro_4_Ryan_Conrad_Romanced,14,line:c64bd5ce,080824870e4c7a15,Conrad,$ryan_conrad_romanced $conrad_romanced $ryan_romanced
L11 Conrad,outro,Conrad_Outro_4_Ryan_Conrad_Romanced,15,line:507bd2b9,75cf2f29bcbf5908,Conrad,$ryan_conrad_romanced $conrad_romanced $ryan_romanced
L11 Conrad,outro,Conrad_Outro_4_Ryan_Conrad_Romanced,16,line:65deb150,35b34afec858433c,Conrad,$ryan_conrad_romanced $conrad_romanced $ryan_romanced
L11 Conrad,outro,Conrad_Outro_4_Ryan_Conrad_Romanced,17,line:df8fb8c9,d925b0f0ac6611e6,Conrad,$ryan_conrad_romanced $conrad_romanced $ryan_romanced
L11 Conrad,outro,Conrad_Outro_4_Ryan_Conrad_Romanced,18,line:49bfbfbe,5421d19c6a9cd188,Conrad,$ryan_conrad_romanced $conrad_romanced $ryan_romanced
L11 Conrad,outro,Conrad_Outro_4_Ryan_Conrad_Romanced,19,line:d8a2002e,6ffd2844813c419e,Kobold,$ryan_conrad_romanced $conrad_romanced $ryan_romanced
L11 Conrad,outro,Conrad_Outro_4_Ryan_Conrad_Romanced,20,line:94fbdbf0,d547385bcae74ca2,Kobold,$ryan_conrad_romanced $conrad_romanced $ryan_romanced
L11 Conrad,outro,Conrad_Outro_4_Ryan_Conrad_Romanced,21,line:4e920759,9458fe24a9152c2b,Conrad,$ryan_conrad_romanced $conrad_romanced $ryan_romanced
L11 Conrad,outro,Conrad_Outro_4_Ryan_Conrad_Romanced,22,line:02cbdc87,83a4b4bd32149db8,Conrad,$ryan_conrad_romanced $conrad_romanced $ryan_romanced
L11 Conrad,outro,Conrad_Outro_4_Conrad_Romanced,1,line:ed6be68f,ad0500f8d2500c0f,Conrad,$ryan_conrad_romanced $conrad_romanced $ryan_romanced
L11 Conrad,outro,Conrad_Outro_4_Conrad_Romanced,2,line:7b5be1f8,297d60c9e5c25580,Conrad,$ryan_conrad_romanced $conrad_romanced $ryan_romanced
L11 Conrad,outro,Conrad_Outro_4_Conrad_Romanced,3,line:d8ce8566,3ee865676f6e4c99,Kobold,$ryan_conrad_romanced $conrad_romanced $ryan_romanced
L11 Conrad,outro,Conrad_Outro_4_Conrad_Romanced,4,line:4efe8211,fad448038cd06268,Kobold,$ryan_conrad_romanced $conrad_romanced $ryan_romanced
L11 Conrad,outro,Conrad_Outro_4_Conrad_Romanced,5,line:f4af8b88,f22c7f64f7e136d4,Conrad,$ryan_conrad_romanced $conrad_romanced $ryan_romanced
L11 Conrad,outro,Conrad_Outro_4_Conrad_Romanced,6,line:629f8cff,5dcbc1f451fcc29d,Conrad,$ryan_conrad_romanced $conrad_romanced $ryan_romanced
L11 Conrad,outro,Conrad_Outro_4_Conrad_Romanced,7,line:f382336f,99c9d7ee0966d8d1,Conrad,$ryan_conrad_romanced $conrad_romanced $ryan_romanced
L11 Conrad,outro,Conrad_Outro_4_Conrad_Romanced,8,line:65b23418,02f6a5560835daa6,Kobold,$ryan_conrad_romanced $conrad_romanced $ryan_romanced
L11 Conrad,outro,Conrad_Outro_4_Conrad_Romanced,9,line:99ff9e7f,7137eb7d65d8f4d8,Kobold,$ryan_conrad_romanced $conrad_romanced $ryan_romanced
L11 Conrad,outro,Conrad_Outro_4_Conrad_Romanced,10,line:803bf378,60c5caff4aee58e9,Conrad,$ryan_conrad_romanced $conrad_romanced $ryan_romanced
L11 Conrad,outro,Conrad_Outro_4_Conrad_Romanced,11,line:160bf40f,d37d98f486ba54c5,Conrad,$ryan_conrad_romanced $conrad_romanced $ryan_romanced
L11 Conrad,outro,Conrad_Outro_4_Conrad_Romanced,12,line:ac5afd96,bf3d9317290e56b0,Conrad,$ryan_conrad_romanced $conrad_romanced $ryan_romanced
L11 Conrad,outro,Conrad_Outro_4_Conrad_Romanced,13,line:3a6afae1,f11ccc8c0bd5ecbc,Conrad,$ryan_conrad_romanced $conrad_romanced $ryan_romanced
L11 Conrad,outro,Conrad_Outro_4_Conrad_Romanced,14,line:0fcf9908,ffcc816df16993e6,Conrad,$ryan_conrad_romanced $conrad_romanced $ryan_romanced
L11 Conrad,outro,Conrad_Outro_4_Conrad_Romanced,15,line:b59e9091,ab5df625bc76dbd4,Conrad,$ryan_conrad_romanced $conrad_romanced $ryan_romanced
L11 Conrad,outro,Conrad_Outro_4_Conrad_Romanced,16,line:23ae97e6,c25790cd739260fd,Conrad,$ryan_conrad_romanced $conrad_romanced $ryan_romanced
L11 Conrad,outro,Conrad_Outro_4_Conrad_Romanced,17,line:b2b32876,b18d301dab41755f,Conrad,$ryan_conrad_romanced $conrad_romanced $ryan_romanced
L11 Conrad,outro,Conrad_Outro_4_Conrad_Romanced,18,line:24832f01,de408e85752b4a9e,Conrad,$ryan_conrad_romanced $conrad_romanced $ryan_romanced
L11 Conrad,outro,Conrad_Outro_4_Ryan_Romanced,1,line:fdd800c2,6fe24a5cf11acb37,Conrad,$ryan_conrad_romanced $conrad_romanced $ryan_romanced
L11 Conrad,outro,Conrad_Outro_4_Ryan_Romanced,2,line:6be807b5,8f0378325ead68c7,Conrad,$ryan_conrad_romanced $conrad_romanced $ryan_romanced
L11 Conrad,outro,Conrad_Outro_4_Ryan_Romanced,3,line:d1b90e2c,a12011af4e943fb2,Kobold,$ryan_conrad_romanced $conrad_romanced $ryan_romanced
L11 Conrad,outro,Conrad_Outro_4_Ryan_Romanced,4,line:722c6ab2,c3393181a97b4208,Kobold,$ryan_conrad_romanced $conrad_romanced $ryan_romanced
L11 Conrad,outro,Conrad_Outro_4_Ryan_Romanced,5,line:4789095b,5ef95c64f52e6263,Conrad,$ryan_conrad_romanced $conrad_romanced $ryan_romanced
L11 Conrad,outro,Conrad_Outro_4_Ryan_Romanced,6,line:e41c6dc5,6d8a46a5e1da81ef,Conrad,$ryan_conrad_romanced $conrad_romanced $ryan_romanced
L11 Conrad,outro,Conrad_Outro_4_Ryan_Romanced,7,line:c87d632b,1884386d93b6fccd,Conrad,$ryan_conrad_romanced $conrad_romanced $ryan_romanced
L11 Conrad,outro,Conrad_Outro_4_Ryan_Romanced,8,line:5e4d645c,c5cace2191af6925,Conrad,$ryan_conrad_romanced $conrad_romanced $ryan_romanced
L11 Conrad,outro,Conrad_Outro_4_Ryan_Romanced,9,line:cf50dbcc,9e806b93dd0d48fe,Conrad,$ryan_conrad_romanced $conrad_romanced $ryan_romanced
L11 Conrad,outro,Conrad_Outro_4_Ryan_Romanced,10,line:5960dcbb,83a8afa550485db4,Conrad,$ryan_conrad_romanced $conrad_romanced $ryan_romanced
L12 Alexander,intro,Alexander_4_intro,1,line:bcbc6373,0248808ddaa3479e,Alexander,
L12 Alexander,intro,Alexander_4_intro,2,line:06ed6aea,d3d306a15d158e29,Kobold,
L12 Alexander,intro,Alexander_4_intro,3,line:33480903,68094c643e49d3c6,Kobold,
L12 Alexander,intro,Alexander_4_intro,4,line:90dd6d9d,e8c921ab9051f110,Alexander,
L12 Alexander,intro,Alexander_4_intro,5,line:a5780e74,3b767556f3eeaa3b,Alexander,
L12 Alexander,intro,Alexander_4_intro,6,line:1f2907ed,96ed1471d1f86a4d,Alexander,
L12 Alexander,intro,Alexander_4_intro,7,line:8919009a,429d93ef0fafbe8a,Alexander,
L12 Alexander,intro,Alexander_4_intro,8,line:1804bf0a,a9945cd0cd165325,Kobold,
L12 Alexander,intro,Alexander_4_intro,9,line:6bbd7f1d,7259414f82b0b97a,Kobold,
L12 Alexander,intro,Alexander_4_intro,10,line:8e34b87d,bfad19e22f9652cc,Alexander,
L12 Alexander,intro,Alexander_4_intro,11,line:fd8d786a,a6a744d6d60ec400,Alexander,
L12 Alexander,intro,Alexander_4_intro,12,line:47dc71f3,91a5c27ef059ab24,Alexander,
L12 Alexander,intro,Alexander_4_intro,13,line:d1ec7684,882df59f0a75b295,Alexander,
L12 Alexander,intro,Alexander_4_intro,14,line:7279121a,990e43e4f2687cdf,Kobold,
L12 Alexander,intro,Alexander_4_intro,15,line:5e181cf4,846b613e707ce00d,Kobold,
L12 Alexander,intro,Alexander_4_intro,16,line:e449156d,3afdda2c098fc834,Alexander,
L12 Alexander,intro,Alexander_4_intro,17,line:c8281b83,1ceb64d9cf6889fd,Alexander,
L12 Alexander,intro,Alexander_4_intro,18,line:5935a413,56deaef9d6b92a31,Kobold,
L12 Alexander,intro,Alexander_4_intro,19,line:cf05a364,fd0d3e3077aaf4ce,Alexander,
L12 Alexander,intro,Alexander_4_intro,20,line:a8ee5236,7a919cef111fe275,Kobold,
L12 Alexander,intro,Alexander_4_intro,21,line:b12a3f31,6d8c462224bca1b5,Kobold,
L12 Alexander,intro,Alexander_4_intro,22,line:3ede5541,cd5592e5e3140daa,Alexander,
L12 Alexander,intro,Alexander_4_intro,23,line:848f5cd8,ab5df625bc76dbd4,Alexander,
L12 Alexander,intro,Alexander_4_intro,24,line:12bf5baf,8e7ead434fce5609,Alexander,
L12 Alexander,intro,Alexander_4_intro,25,line:271a3846,19be549c91d82ff3,Alexander,
L12 Alexander,progress,Alexander_4_required,1,line:505154a4,c19ca0647cc1a583,Alexander,
L12 Alexander,progress,Alexander_4_required,2,line:c66153d3,6d9630067757f781,Alexander,
L12 Alexander,progress,Alexander_4_required,3,line:577cec43,7bd6925025a24288,Alexander,
L12 Alexander,progress,Alexander_4_required,4,line:c14ceb34,54b9fbcd575cd0a7,Kobold,
L12 Alexander,progress,Alexander_4_required,5,line:807df02d,1f5aad5cbae1a020,Kobold,
L12 Alexander,progress,Alexander_4_required,6,line:24c52c54,36a85b3430aa6639,Alexander,
L12 Alexander,progress,Alexander_4_required,7,line:b2f52b23,d2b8ae469c604bfb,Alexander,
L12 Alexander,progress,Alexander_4_required,8,line:08a422ba,577e4edfcd4fa53d,Alexander,
L12 Alexander,progress,Alexander_4_required,9,line:9e9425cd,4caa8162834de434,Alexander,
L12 Alexander,progress,Alexander_4_required,10,line:3d014153,d89de41838a75fa0,Kobold,
L12 Alexander,progress,Alexander_4_required,11,line:11604fbd,68ad27123e1df879,Kobold,
L12 Alexander,progress,Alexander_4_required,12,line:ab314624,6dece6f0ec399d4e,Alexander,
L12 Alexander,progress,Alexander_4_required,13,line:875048ca,08ab3092d83ed1d3,Alexander,
L12 Alexander,progress,Alexander_4_required,14,line:164df75a,81a4fcd2541ac990,Alexander,
L12 Alexander,progress,Alexander_4_required,15,line:ebd9b4d3,b356a126e4318643,Alexander,
L12 Alexander,progress,Alexander_4_required,16,line:7de9b3a4,67c0f2a71f4ff613,Alexander,
L12 Alexander,progress,Alexander_4_required,17,line:c7b8ba3d,4640c27322f55d8c,Alexander,
L12 Alexander,progress,Alexander_4_required,18,line:5188bd4a,9739b879143b91cf,Alexander,
L12 Alexander,progress,Alexander_4_required,19,line:f21dd9d4,097832ea20a37b63,Kobold,
L12 Alexander,progress,Alexander_4_required,20,line:de7cd73a,e2dce2bed173fba0,Kobold,
L12 Alexander,progress,Alexander_4_required,21,line:642ddea3,f12929f0cef567d7,Alexander,
L12 Alexander,progress,Alexander_4_required,22,line:484cd04d,76ea754cd53f21dc,Alexander,
L12 Alexander,progress,Alexander_4_required,23,line:d9516fdd,ab5df625bc76dbd4,Alexander,
L12 Alexander,progress,Alexander_4_required,24,line:4f6168aa,81a4fcd2541ac990,Alexander,
L12 Alexander,progress,Alexander_4_required,25,line:aae8afca,18b51cf572e4b49a,Kobold,
L12 Alexander,progress,Alexander_4_required,26,line:8689a124,334a54e73cf69dc1,Kobold,
L12 Alexander,progress,Alexander_4_required,27,line:3cd8a8bd,7bd62126f382f565,Alexander,
L12 Alexander,progress,Alexander_4_required,28,line:10b9a653,d2c15503eb28631b,Alexander,
L12 Alexander,jerkoff,Alexander_4_JerkOff_Start,1,line:f885f11d,47122b215cc11a2b,Alexander,
L12 Alexander,cum,Alexander_4_Cum,1,line:b54ee04d,ed6a9612f44b19ea,Alexander,
L12 Alexander,mount_start,Alexander_4_Mount_Start,1,line:ec00a1fe,1db0bf44f69526fc,Alexander,
L12 Alexander,mount_finish,Alexander_4_Mount_Finish,1,line:d7bf167b,76527d719ccc95a3,Alexander,
L12 Alexander,outro,Alexander_4_Outro,1,line:9b9567ec,35278dc46019f9b9,Alexander,
L12 Alexander,outro,Alexander_4_Outro,2,line:0da5609b,5547ec33b10091a2,Alexander,
L12 Alexander,outro,Alexander_4_Outro,3,line:b7f46902,3ce3dec2bd740757,Alexander,
L12 Alexander,outro,Alexander_4_Outro,4,line:21c46e75,a6a744d6d60ec400,Kobold,
L12 Alexander,outro,Alexander_4_Outro,5,line:b0d9d1e5,5eca8560307cac86,Kobold,
L12 Alexander,outro,Alexander_4_Outro,6,line:26e9d692,419ecbf32abefda1,Alexander,
L12 Alexander,outro,Alexander_4_Outro,7,line:4efc873f,0b1b8529d2c3c5fc,Alexander,
L12 Alexander,outro,Alexander_4_Outro,8,line:d8cc8048,4df2487e01509478,Kobold,
L12 Alexander,outro,Alexander_4_Outro,9,line:f4ad8ea6,c9f8ba59379bb60a,Kobold,
L12 Alexander,outro,Alexander_4_Outro,10,line:629d89d1,93786b06bef36348,Alexander,
L12 Alexander,outro,Alexander_4_Outro,11,line:5738ea38,b868cb066c4b572d,Alexander,
L12 Alexander,outro,Alexander_4_Outro,12,line:c108ed4f,565a3630f0cfbcc5,Alexander,
L12 Alexander,outro,Alexander_4_Outro,13,line:7b59e4d6,1161a29c118dbaa6,Alexander,
L12 Alexander,outro,Alexander_4_Outro,14,line:ed69e3a1,32c31015075eeede,Alexander,
L12 Alexander,outro,Alexander_4_Outro,15,line:7c745c31,1651e2418c22d0c0,Kobold,
L12 Alexander,outro,Alexander_4_Outro,16,line:99fd9b51,bd051341e68cc04e,Kobold,
L12 Alexander,outro,Alexander_4_Outro,17,line:ea445b46,2e1f723e42b149be,Alexander,
L12 Alexander,outro,Alexander_4_Outro,18,line:0fcd9c26,8212cbdd05d21f37,Alexander,
L12 Alexander,outro,Alexander_4_Outro,19,line:23ac92c8,b5f8ec9a6918d554,Alexander,
L13 Ryan,intro,Ryan_5_intro,1,line:61c7f2d6,a67959dc39353129,Ryan,
L13 Ryan,intro,Ryan_5_intro,2,line:f7f7f5a1,c1a949184675fa92,Ryan,
L13 Ryan,intro,Ryan_5_intro,3,line:5462913f,60f8f02dd7a80d00,Kobold,
L13 Ryan,intro,Ryan_5_intro,4,line:c2529648,6e98155abad655c3,Kobold,
L13 Ryan,intro,Ryan_5_intro,5,line:78039fd1,9cf9d4fc71363f68,Kobold,
L13 Ryan,intro,Ryan_5_intro,6,line:ee3398a6,dcd95465ccb79997,Kobold,
L13 Ryan,intro,Ryan_5_intro,7,line:9b7e09b8,49e50c5be7d1583e,Kobold,
L13 Ryan,intro,Ryan_5_intro,8,line:7f2e2736,a4c1cb0899f204fc,Ryan,
L13 Ryan,intro,Ryan_5_intro,9,line:e91e2041,df50afc7f5e2d994,Kobold,
L13 Ryan,intro,Ryan_5_intro,10,line:aedb6a51,8061d3d1aed7c531,Kobold,
L13 Ryan,intro,Ryan_5_intro,11,line:82ba64bf,1107598aa9bc6c75,Ryan,
L13 Ryan,intro,Ryan_5_intro,12,line:148a63c8,061629ac669e11f8,Ryan,
L13 Ryan,intro,Ryan_5_intro,13,line:38eb6d26,cdc7ebc001250566,Ryan,
L13 Ryan,intro,Ryan_5_intro,14,line:0d4e0ecf,f8c3932b65e6bbb0,Ryan,
L13 Ryan,intro,Ryan_5_intro,15,line:b71f0756,4a5d3b88460afb6b,Ryan,
L13 Ryan,intro,Ryan_5_intro,16,line:212f0021,b483e9c7e323807a,Ryan,
L13 Ryan,intro,Ryan_5_intro,17,line:b032bfb1,afd9ef6045a7191c,Ryan,
L13 Ryan,intro,Ryan_5_intro,18,line:2602b8c6,808f38835d1deb53,Ryan,
L13 Ryan,intro,Ryan_5_intro_ryan_romanced,1,line:e2ea4ead,efa367904267d1f9,Ryan,$ryan_conrad_romanced $conrad_romanced $ryan_romanced
L13 Ryan,intro,Ryan_5_intro_ryan_romanced,2,line:73f7f13d,d510da8dc09c7bd7,Kobold,$ryan_conrad_romanced $conrad_romanced $ryan_romanced
L13 Ryan,intro,Ryan_5_intro_ryan_romanced,3,line:822c0718,cb4f55dc25088cef,Kobold,$ryan_conrad_romanced $conrad_romanced $ryan_romanced
L13 Ryan,intro,Ryan_5_intro_ryan_romanced,4,line:e5c7f64a,63b5ec8a662e7e8f,Ryan,$ryan_conrad_romanced $conrad_romanced $ryan_romanced
L13 Ryan,intro,Ryan_5_intro_ryan_romanced,5,line:141c006f,c38c5771c6cf6118,Ryan,$ryan_conrad_romanced $conrad_romanced $ryan_romanced
L13 Ryan,intro,Ryan_5_intro_ryan_romanced,6,line:ae4d09f6,60004e58bb12dd3c,Ryan,$ryan_conrad_romanced $conrad_romanced $ryan_romanced
L13 Ryan,intro,Ryan_5_intro,19,line:c38b7fa6,3ff66f86649ed3f4,Kobold,
L13 Ryan,intro,Ryan_5_intro,20,line:55bb78d1,bab3e0bf3bfcf52e,Ryan,
L13 Ryan,intro,Ryan_5_intro,21,line:efea7148,4a5d3b88460afb6b,Ryan,
L13 Ryan,intro,Ryan_5_intro,22,line:79da763f,b483e9c7e323807a,Ryan,
L13 Ryan,intro,Ryan_5_intro,23,line:da4f12a1,afd9ef6045a7191c,Ryan,
L13 Ryan,intro,Ryan_5_intro,24,line:4c7f15d6,747b7932ed2e84f2,Kobold,
L13 Ryan,intro,Ryan_5_intro,25,line:601e1b38,1fa67d86839c19a3,Kobold,
L13 Ryan,intro,Ryan_5_intro,26,line:f62e1c4f,f51bead488e14b65,Ryan,
L13 Ryan,intro,Ryan_5_intro,27,line:f103a4a8,3ee865676f6e4c99,Ryan,
L13 Ryan,intro,Ryan_5_intro,28,line:6733a3df,4c5ca3860699fcd3,Kobold,
L13 Ryan,intro,Ryan_5_intro,29,line:d38efb75,29301eae6840e128,Kobold,
L13 Ryan,intro,Ryan_5_intro,30,line:45befc02,154dbd6d6bdc9f0e,Ryan,
L13 Ryan,intro,Ryan_5_intro,31,line:ffeff59b,e1867b98d8ce23bd,Ryan,
L13 Ryan,intro,Ryan_5_intro,32,line:69dff2ec,60004e58bb12dd3c,Ryan,
L13 Ryan,intro,Ryan_5_intro,33,line:ca4a9672,10dc92e80220fe9b,Kobold,
L13 Ryan,intro,Ryan_5_intro,34,line:5c7a9105,b57c370a0fcc7045,Ryan,
L13 Ryan,intro,Ryan_5_intro,35,line:e62b989c,4a5d3b88460afb6b,Ryan,
L13 Ryan,intro,Ryan_5_intro,36,line:701b9feb,b483e9c7e323807a,Ryan,
L13 Ryan,intro,Ryan_5_intro,37,line:e106207b,afd9ef6045a7191c,Ryan,
L13 Ryan,intro,Ryan_5_intro,38,line:7736270c,cd80a4a851309647,Kobold,
L13 Ryan,intro,Ryan_5_intro,39,line:048fe71b,26eed1b65d0e1370,Kobold,
L13 Ryan,intro,Ryan_5_intro,40,line:92bfe06c,b433dad7fc4cdb18,Ryan,
L13 Ryan,intro,Ryan_5_intro,41,line:bedeee82,cd235c4d7d27fbdb,Ryan,
L13 Ryan,intro,Ryan_5_intro,42,line:28eee9f5,b433dad7fc4cdb18,Ryan,
L13 Ryan,intro,Ryan_5_intro,43,line:8b7b8d6b,7b1f5d058f2045c5,Ryan,
L13 Ryan,intro,Ryan_5_intro,44,line:1d4b8a1c,4932dbc11ab131d4,Ryan,
L13 Ryan,intro,Ryan_5_intro,45,line:a71a8385,1a86226c86c7138f,Ryan,
L13 Ryan,progress,Ryan_5_Required_ryan_romanced,1,line:d9652dff,e61676df3c022293,Ryan,$ryan_romanced
L13 Ryan,progress,Ryan_5_Required_ryan_romanced,2,line:7af04961,c022fa54258553ea,Ryan,$ryan_romanced
L13 Ryan,progress,Ryan_5_Required_ryan_romanced,3,line:ecc04e16,6c0884e4717c5d5b,Kobold,$ryan_romanced
L13 Ryan,progress,Ryan_5_Required_ryan_romanced,4,line:81905be1,bbedb233b6bbe2ea,Kobold,$ryan_romanced
L13 Ryan,progress,Ryan_5_Required_ryan_romanced,5,line:412ba249,fb57b97d646f43c9,Kobold,$ryan_romanced
L13 Ryan,progress,Ryan_5_Required_ryan_romanced,6,line:bd66082e,d2c0f4718541c240,Kobold,$ryan_romanced
L13 Ryan,progress,Ryan_5_Required_ryan_romanced,7,line:5691478f,98ef145fb642c5b6,Ryan,$ryan_romanced
L13 Ryan,progress,Ryan_5_Required_ryan_romanced,8,line:c0a140f8,4bad2b5ecfe22c4a,Ryan,$ryan_romanced
L13 Ryan,progress,Ryan_5_Required_ryan_romanced,9,line:51bcff68,6e8c399ff118f405,Ryan,$ryan_romanced
L13 Ryan,progress,Ryan_5_Required_ryan_romanced,10,line:c78cf81f,7da2aa0d4ef74597,Kobold,$ryan_romanced
L13 Ryan,progress,Ryan_5_Required_ryan_romanced,11,line:985436e6,db39ae73af1cfae5,Kobold,$ryan_romanced
L13 Ryan,progress,Ryan_5_Required_ryan_romanced,12,line:22053f7f,67f68a72462bca9b,Ryan,$ryan_romanced
L13 Ryan,progress,Ryan_5_Required_ryan_romanced,13,line:b4353808,3185b026252747c6,Ryan,$ryan_romanced
L13 Ryan,progress,Ryan_5_Required_ryan_romanced,14,line:0e643191,d2994ff918a23d86,Ryan,$ryan_romanced
L13 Ryan,progress,Ryan_5_Required_ryan_romanced,15,line:3bc15278,3fdcf71c3e2f7ea0,Ryan,$ryan_romanced
L13 Ryan,progress,Ryan_5_Required_ryan_romanced,16,line:adf1550f,8bacddc318adc2b9,Ryan,$ryan_romanced
L13 Ryan,progress,Ryan_5_Required_ryan_romanced,17,line:17a05c96,638c1801c65c6b0c,Ryan,$ryan_romanced
L13 Ryan,progress,Ryan_5_Required_ryan_romanced,18,line:108de471,25f86d817a092ae1,Ryan,$ryan_romanced
L13 Ryan,progress,Ryan_5_Required_ryan_romanced,19,line:86bde306,38ae2aec596ab356,Ryan,$ryan_romanced
L13 Ryan,progress,Ryan_5_Required_ryan_romanced,20,line:e5937e30,d7456d9e85366bc9,Kobold,$ryan_romanced
L13 Ryan,progress,Ryan_5_Required_ryan_romanced,21,line:fc571337,925a663e1b23d966,Kobold,$ryan_romanced
L13 Ryan,progress,Ryan_5_Required_ryan_romanced,22,line:73a37947,14d1fddd0115ee0d,Ryan,$ryan_romanced
L13 Ryan,progress,Ryan_5_Required_ryan_romanced,23,line:c9f270de,6b59acab736bd349,Ryan,$ryan_romanced
L13 Ryan,progress,Ryan_5_Required_ryan_romanced,24,line:5fc277a9,334998266afc2476,Ryan,$ryan_romanced
L13 Ryan,progress,Ryan_5_Required_ryan_romanced,25,line:6a671440,a02af61e18efb0f0,Ryan,$ryan_romanced
L13 Ryan,progress,Ryan_5_Required_ryan_romanced,26,line:d0361dd9,cf73a93aa04fdd02,Ryan,$ryan_romanced
L13 Ryan,progress,Ryan_5_Required_ryan_romanced,27,line:46061aae,8771d66a0a1ace3e,Ryan,$ryan_romanced
L13 Ryan,progress,Ryan_5_Required_ryan_romanced,28,line:d71ba53e,8cceef523eb8c739,Ryan,$ryan_romanced
L13 Ryan,progress,Ryan_5_Required_ryan_romanced,29,line:a4a26529,5a3b18942c9e3040,Ryan,$ryan_romanced
L13 Ryan,progress,Ryan_5_Required_ryan_romanced,30,line:3292625e,4d1b2eff2bb69d21,Ryan,$ryan_romanced
L13 Ryan,progress,Ryan_5_Required_ryan_romanced,31,line:88c36bc7,ebbcfde5ce6709d6,Ryan,$ryan_romanced
L13 Ryan,progress,Ryan_5_Required_ryan_romanced,32,line:1ef36cb0,8cceef523eb8c739,Ryan,$ryan_romanced
L13 Ryan,progress,Ryan_5_Required_ryan_romanced,33,line:2b560f59,3ee865676f6e4c99,Ryan,$ryan_romanced
L13 Ryan,progress,Ryan_5_Required_ryan_romanced,34,line:910706c0,435234dd4f3b1033,Ryan,$ryan_romanced
L13 Ryan,progress,Ryan_5_Required_ryan_romanced,35,line:073701b7,0ef6ac4a015fbebd,Ryan,$ryan_romanced
L13 Ryan,progress,Ryan_5_Required_ryan_romanced,36,line:962abe27,070ff9504dd2e237,Kobold,$ryan_romanced
L13 Ryan,progress,Ryan_5_Required_ryan_romanced,37,line:f1c14f75,b64ebbe5369b5bbf,Kobold,$ryan_romanced
L13 Ryan,progress,Ryan_5_Required_ryan_romanced,38,line:7e352505,45afe74b37ed6bb0,Kobold,$ryan_romanced
L13 Ryan,progress,Ryan_5_Required_ryan_romanced,39,line:001ab950,a881cd2440d13252,Ryan,$ryan_romanced
L13 Ryan,progress,Ryan_5_Required_ryan_romanced,40,line:67f14802,1976e7477a26b680,Ryan,$ryan_romanced
L13 Ryan,progress,Ryan_5_Required_ryan_romanced,41,line:4b9046ec,00712e7d97f1872a,Ryan,$ryan_romanced
L13 Ryan,progress,Ryan_5_Required_ryan_romanced,42,line:dda0419b,037e3c0c446d2b14,Ryan,$ryan_romanced
L13 Ryan,progress,Ryan_5_Required_ryan_romanced,43,line:e8052272,b1ac5509459ca2a4,Ryan,$ryan_romanced
L13 Ryan,progress,Ryan_5_Required_ryan_romanced,44,line:52542beb,1976e7477a26b680,Ryan,$ryan_romanced
L13 Ryan,progress,Ryan_5_Required_ryan_romanced,45,line:c4642c9c,eb547bf48bc9637e,Ryan,$ryan_romanced
L13 Ryan,progress,Ryan_5_Required_conrad_romanced,1,line:3cda84e6,1f2c5ed668dc8972,Ryan,$ryan_romanced $conrad_romanced
L13 Ryan,progress,Ryan_5_Required_conrad_romanced,2,line:aaea8391,522b54ddedc9ae6c,Kobold,$ryan_romanced $conrad_romanced
L13 Ryan,progress,Ryan_5_Required_conrad_romanced,3,line:7deb9fff,9df47f9485e2d886,Kobold,$ryan_romanced $conrad_romanced
L13 Ryan,progress,Ryan_5_Required_conrad_romanced,4,line:4f6344f1,2e0446089ab2f237,Ryan,$ryan_romanced $conrad_romanced
L13 Ryan,progress,Ryan_5_Required_conrad_romanced,5,line:d9534386,eb926b4bc196ac32,Ryan,$ryan_romanced $conrad_romanced
L13 Ryan,progress,Ryan_5_Required_conrad_romanced,6,line:63024a1f,8ea9e02ddeed61e3,Kobold,$ryan_romanced $conrad_romanced
L13 Ryan,progress,Ryan_5_Required_conrad_romanced,7,line:7ac62718,5085892250461c04,Kobold,$ryan_romanced $conrad_romanced
L13 Ryan,progress,Ryan_5_Required_conrad_romanced,8,line:f5324d68,53011f72775c8ca4,Ryan,$ryan_romanced $conrad_romanced
L13 Ryan,progress,Ryan_5_Required_conrad_romanced,9,line:56a729f6,4fbcc070e27c4736,Ryan,$ryan_romanced $conrad_romanced
L13 Ryan,progress,Ryan_5_Required_conrad_romanced,10,line:c0972e81,aa8e7dea9ad61538,Ryan,$ryan_romanced $conrad_romanced
L13 Ryan,progress,Ryan_5_Required_conrad_romanced,11,line:ecf6206f,390bea406a842664,Ryan,$ryan_romanced $conrad_romanced
L13 Ryan,progress,Ryan_5_Required_conrad_romanced,12,line:ebdb9888,f147cd900de98aeb,Ryan,$ryan_romanced $conrad_romanced
L13 Ryan,progress,Ryan_5_Required_conrad_romanced,13,line:807fdc76,883fec192f3d1119,Ryan,$ryan_romanced $conrad_romanced
L13 Ryan,progress,Ryan_5_Required_conrad_romanced,14,line:164fdb01,b5060af9808e8c7c,Kobold,$ryan_romanced $conrad_romanced
L13 Ryan,progress,Ryan_5_Required_conrad_romanced,15,line:99bbb171,702195668cf48039,Kobold,$ryan_romanced $conrad_romanced
L13 Ryan,progress,Ryan_5_Required_conrad_romanced,16,line:ac1ed298,1e681c01b417052f,Ryan,$ryan_romanced $conrad_romanced
L13 Ryan,progress,Ryan_5_Required_conrad_romanced,17,line:3a2ed5ef,9056022b2085d3b7,Ryan,$ryan_romanced $conrad_romanced
L13 Ryan,progress,Ryan_5_Required_conrad_romanced,18,line:0f8bb606,932d7df9b58f5376,Ryan,$ryan_romanced $conrad_romanced
L13 Ryan,progress,Ryan_5_Required_conrad_romanced,19,line:b5dabf9f,4fbcc070e27c4736,Ryan,$ryan_romanced $conrad_romanced
L13 Ryan,progress,Ryan_5_Required_ryan_conrad_romanced,1,line:803c8f0c,e76e544c771880f3,Ryan,$ryan_romanced $conrad_romanced $ryan_conrad_romanced
L13 Ryan,progress,Ryan_5_Required_ryan_conrad_romanced,2,line:1121309c,3ee865676f6e4c99,Kobold,$ryan_romanced $conrad_romanced $ryan_conrad_romanced
L13 Ryan,progress,Ryan_5_Required_ryan_conrad_romanced,3,line:871137eb,2e21aa0b86c092fb,Kobold,$ryan_romanced $conrad_romanced $ryan_conrad_romanced
L13 Ryan,progress,Ryan_5_Required_ryan_conrad_romanced,4,line:6298f08b,271a662aed24f160,Ryan,$ryan_romanced $conrad_romanced $ryan_conrad_romanced
L13 Ryan,progress,Ryan_5_Required_ryan_conrad_romanced,5,line:f4a8f7fc,1b0b214cb2df69ec,Ryan,$ryan_romanced $conrad_romanced $ryan_conrad_romanced
L13 Ryan,progress,Ryan_5_Required_ryan_conrad_romanced,6,line:4ef9fe65,03e1d33ec4a7f6e8,Kobold,$ryan_romanced $conrad_romanced $ryan_conrad_romanced
L13 Ryan,progress,Ryan_5_Required_ryan_conrad_romanced,7,line:d8c9f912,ad14c398c575824b,Kobold,$ryan_romanced $conrad_romanced $ryan_conrad_romanced
L13 Ryan,progress,Ryan_5_Required_ryan_conrad_romanced,8,line:7b5c9d8c,daddaa15545566ce,Ryan,$ryan_romanced $conrad_romanced $ryan_conrad_romanced
L13 Ryan,progress,Ryan_5_Required_ryan_conrad_romanced,9,line:ed6c9afb,f03747feadc10e71,Ryan,$ryan_romanced $conrad_romanced $ryan_conrad_romanced
L13 Ryan,progress,Ryan_5_Required_ryan_conrad_romanced,10,line:573d9362,2ed3613575959ca6,Ryan,$ryan_romanced $conrad_romanced $ryan_conrad_romanced
L13 Ryan,progress,Ryan_5_Required_ryan_conrad_romanced,11,line:c10d9415,658add118bb17ed5,Ryan,$ryan_romanced $conrad_romanced $ryan_conrad_romanced
L13 Ryan,progress,Ryan_5_Required_ryan_conrad_romanced,12,line:50102b85,8ca78aefdf9d3b44,Ryan,$ryan_romanced $conrad_romanced $ryan_conrad_romanced
L13 Ryan,progress,Ryan_5_Required_ryan_conrad_romanced,13,line:c6202cf2,9176dd2bd815750c,Kobold,$ryan_romanced $conrad_romanced $ryan_conrad_romanced
L13 Ryan,progress,Ryan_5_Required_ryan_conrad_romanced,14,line:1c49f05b,5a4dcf1ccff086af,Kobold,$ryan_romanced $conrad_romanced $ryan_conrad_romanced
L13 Ryan,progress,Ryan_5_Required_ryan_conrad_romanced,15,line:8a79f72c,6db8bf6280f68edb,Ryan,$ryan_romanced $conrad_romanced $ryan_conrad_romanced
L13 Ryan,progress,Ryan_5_Required_ryan_conrad_romanced,16,line:3028feb5,49e6d82bb7d163af,Ryan,$ryan_romanced $conrad_romanced $ryan_conrad_romanced
L13 Ryan,progress,Ryan_5_Required_ryan_conrad_romanced,17,line:a618f9c2,e06e957ec854ab4c,Kobold,$ryan_romanced $conrad_romanced $ryan_conrad_romanced
L13 Ryan,progress,Ryan_5_Required_ryan_conrad_romanced,18,line:93bd9a2b,49e50c5be7d1583e,Kobold,$ryan_romanced $conrad_romanced $ryan_conrad_romanced
L13 Ryan,progress,Ryan_5_Required_ryan_conrad_romanced,19,line:058d9d5c,9b2ad1c8b149bf00,Ryan,$ryan_romanced $conrad_romanced $ryan_conrad_romanced
L13 Ryan,progress,Ryan_5_Required_ryan_conrad_romanced,20,line:29ec93b2,bc156217e847a8df,Ryan,$ryan_romanced $conrad_romanced $ryan_conrad_romanced
L13 Ryan,jerkoff,Ryan_5_JerkOff_Start,1,line:5f0edcb2,9fec39c7cefbaca2,Ryan,
L13 Ryan,cum,Ryan_5_Cum,1,line:828eed25,6f8c64dde681ced5,Ryan,
L13 Ryan,mount_start,Ryan_5_Mount_Start,1,line:94e04dcf,c7f3dbd886d929a7,Ryan,
L13 Ryan,mount_finish,Ryan_5_Mount_Finish,1,line:16420ca7,48ffbc93e2486713,Ryan,
L13 Ryan,outro,Ryan_5_Outro_ryan_romanced,1,line:770e7473,6fc39ec69d974bb4,Ryan,$ryan_romanced
L13 Ryan,outro,Ryan_5_Outro_ryan_romanced,2,line:e613cbe3,c9e5fbe3317edd3f,Ryan,$ryan_romanced
L13 Ryan,outro,Ryan_5_Outro_ryan_romanced,3,line:7023cc94,f553e58b991e05cc,Kobold,$ryan_romanced
L13 Ryan,outro,Ryan_5_Outro_ryan_romanced,4,line:039a0c83,1032684d93c794bf,Kobold,$ryan_romanced
L13 Ryan,outro,Ryan_5_Outro_ryan_romanced,5,line:95aa0bf4,f030a371b944e9be,Ryan,$ryan_romanced
L13 Ryan,outro,Ryan_5_Outro_ryan_romanced,6,line:b9cb051a,0eb7accf7a8bffc3,Ryan,$ryan_romanced
L13 Ryan,outro,Ryan_5_Outro_ryan_romanced,7,line:2ffb026d,e7da2124354de72f,Ryan,$ryan_romanced
L13 Ryan,outro,Ryan_5_Outro_ryan_romanced,8,line:8c6e66f3,6b7ea0261a825f1b,Kobold,$ryan_romanced
L13 Ryan,outro,Ryan_5_Outro_ryan_romanced,9,line:a00f681d,de408e85752b4a9e,Kobold,$ryan_romanced
L13 Ryan,outro,Ryan_5_Outro_ryan_romanced,10,line:1a5e6184,7809df3c2e9fa860,Ryan,$ryan_romanced
L13 Ryan,outro,Ryan_5_Outro_ryan_romanced,11,line:363f6f6a,c38c5771c6cf6118,Ryan,$ryan_romanced
L13 Ryan,outro,Ryan_5_Outro_ryan_romanced,12,line:a722d0fa,dc9e132cf2897c30,Ryan,$ryan_romanced
L13 Ryan,outro,Ryan_5_Outro_ryan_romanced,13,line:3112d78d,7d5a43fcbb4e03de,Ryan,$ryan_romanced
L13 Ryan,outro,Ryan_5_Outro_conrad_romanced,1,line:341175f7,6fc39ec69d974bb4,Ryan,$ryan_romanced $conrad_romanced
L13 Ryan,outro,Ryan_5_Outro_conrad_romanced,2,line:a2217280,b050469dea41d597,Ryan,$ryan_romanced $conrad_romanced
L13 Ryan,outro,Ryan_5_Outro_conrad_romanced,3,line:18707b19,25ec1c59caa5e66c,Kobold,$ryan_romanced $conrad_romanced
L13 Ryan,outro,Ryan_5_Outro_conrad_romanced,4,line:2dd518f0,c8ac7dce03b1b9b7,Kobold,$ryan_romanced $conrad_romanced
L13 Ryan,outro,Ryan_5_Outro_conrad_romanced,5,line:8e407c6e,2a67fb93196e8722,Ryan,$ryan_romanced $conrad_romanced
L13 Ryan,outro,Ryan_5_Outro_conrad_romanced,6,line:bbe51f87,2140dcb75dc2d0f9,Ryan,$ryan_romanced $conrad_romanced
L13 Ryan,outro,Ryan_5_Outro_conrad_romanced,7,line:01b4161e,a6d4dab5c8699946,Ryan,$ryan_romanced $conrad_romanced
L13 Ryan,outro,Ryan_5_Outro_conrad_romanced,8,line:97841169,1fd66775cea2eb4b,Ryan,$ryan_romanced $conrad_romanced
L13 Ryan,outro,Ryan_5_Outro_conrad_romanced,9,line:0699aef9,8f4dc96f133fa75c,Ryan,$ryan_romanced $conrad_romanced
L13 Ryan,outro,Ryan_5_Outro_conrad_romanced,10,line:90a9a98e,8ed791569d35f02c,Ryan,$ryan_romanced $conrad_romanced
L13 Ryan,outro,Ryan_5_Outro_conrad_romanced,11,line:75206eee,d38d6a1844481871,Kobold,$ryan_romanced $conrad_romanced
L13 Ryan,outro,Ryan_5_Outro_conrad_romanced,12,line:59416000,c88980c837fb6592,Kobold,$ryan_romanced $conrad_romanced
L13 Ryan,outro,Ryan_5_Outro_conrad_romanced,13,line:e3106999,b1e1c4e40f4aaeec,Ryan,$ryan_romanced $conrad_romanced
L13 Ryan,outro,Ryan_5_Outro_conrad_romanced,14,line:cf716777,f51bead488e14b65,Ryan,$ryan_romanced $conrad_romanced
L13 Ryan,outro,Ryan_5_Outro_ryan_conrad_romanced,1,line:1760e5d5,6fc39ec69d974bb4,Ryan,$ryan_romanced $conrad_romanced $ryan_conrad_romanced
L13 Ryan,outro,Ryan_5_Outro_ryan_conrad_romanced,2,line:8150e2a2,b050469dea41d597,Ryan,$ryan_romanced $conrad_romanced $ryan_conrad_romanced
L13 Ryan,outro,Ryan_5_Outro_ryan_conrad_romanced,3,line:3b01eb3b,25ec1c59caa5e66c,Kobold,$ryan_romanced $conrad_romanced $ryan_conrad_romanced
L13 Ryan,outro,Ryan_5_Outro_ryan_conrad_romanced,4,line:3c2c53dc,c8ac7dce03b1b9b7,Kobold,$ryan_romanced $conrad_romanced $ryan_conrad_romanced
L13 Ryan,outro,Ryan_5_Outro_ryan_conrad_romanced,5,line:ad31ec4c,2a67fb93196e8722,Ryan,$ryan_romanced $conrad_romanced $ryan_conrad_romanced
L13 Ryan,outro,Ryan_5_Outro_ryan_conrad_romanced,6,line:aa1c54ab,2140dcb75dc2d0f9,Ryan,$ryan_romanced $conrad_romanced $ryan_conrad_romanced
L13 Ryan,outro,Ryan_5_Outro_ryan_conrad_romanced,7,line:c932c99d,a6d4dab5c8699946,Ryan,$ryan_romanced $conrad_romanced $ryan_conrad_romanced
L13 Ryan,outro,Ryan_5_Outro_ryan_conrad_romanced,8,line:5f02ceea,c5f14714a1e0439c,Ryan,$ryan_romanced $conrad_romanced $ryan_conrad_romanced
L13 Ryan,outro,Ryan_5_Outro_ryan_conrad_romanced,9,line:e553c773,3eb55bf5de9c718b,Ryan,$ryan_romanced $conrad_romanced $ryan_conrad_romanced
L13 Ryan,outro,Ryan_5_Outro_ryan_conrad_romanced,10,line:7363c004,7aa8987bf569468c,Ryan,$ryan_romanced $conrad_romanced $ryan_conrad_romanced
L13 Ryan,outro,Ryan_5_Outro_ryan_conrad_romanced,11,line:d0f6a49a,8ed791569d35f02c,Ryan,$ryan_romanced $conrad_romanced $ryan_conrad_romanced
L13 Ryan,outro,Ryan_5_Outro_ryan_conrad_romanced,12,line:46c6a3ed,d38d6a1844481871,Kobold,$ryan_romanced $conrad_romanced $ryan_conrad_romanced
L13 Ryan,outro,Ryan_5_Outro_ryan_conrad_romanced,13,line:6aa7ad03,c88980c837fb6592,Kobold,$ryan_romanced $conrad_romanced $ryan_conrad_romanced
L13 Ryan,outro,Ryan_5_Outro_ryan_conrad_romanced,14,line:fc97aa74,b1e1c4e40f4aaeec,Ryan,$ryan_romanced $conrad_romanced $ryan_conrad_romanced
L13 Ryan,outro,Ryan_5_Outro_ryan_conrad_romanced,15,line:fbba1293,f51bead488e14b65,Ryan,$ryan_romanced $conrad_romanced $ryan_conrad_romanced
L14 Conrad,intro,Conrad_Intro_5,1,line:4dac3d2b,a67959dc39353129,Conrad,
L14 Conrad,intro,Conrad_Intro_5,2,line:db9c3a5c,c1a949184675fa92,Conrad,
L14 Conrad,intro,Conrad_Intro_5,3,line:61cd33c5,60f8f02dd7a80d00,Kobold,
L14 Conrad,intro,Conrad_Intro_5,4,line:f7fd34b2,6e98155abad655c3,Kobold,
L14 Conrad,intro,Conrad_Intro_5,5,line:66e08b22,9cf9d4fc71363f68,Kobold,
L14 Conrad,intro,Conrad_5_intro_ryan_romanced,1,line:f474ffa9,ab4070df9f9d3980,Conrad,$ryan_conrad_romanced $conrad_romanced $ryan_romanced
L14 Conrad,intro,Conrad_5_intro_ryan_romanced,2,line:975a629f,8597b1ea1423580d,Kobold,$ryan_conrad_romanced $conrad_romanced $ryan_romanced
L14 Conrad,intro,Conrad_5_intro_ryan_romanced,3,line:bb3b6c71,3ed1272125c54574,Kobold,$ryan_conrad_romanced $conrad_romanced $ryan_romanced
L14 Conrad,intro,Conrad_5_intro_ryan_romanced,4,line:016a65e8,d90de33a2137108a,Conrad,$ryan_conrad_romanced $conrad_romanced $ryan_romanced
L14 Conrad,intro,Conrad_5_intro_ryan_romanced,5,line:2d0b6b06,2ca9d5b1cf89ccc8,Conrad,$ryan_conrad_romanced $conrad_romanced $ryan_romanced
L14 Conrad,intro,Conrad_5_intro_ryan_romanced,6,line:8e9e0f98,f5ebf2a456433609,Conrad,$ryan_conrad_romanced $conrad_romanced $ryan_romanced
L14 Conrad,intro,Conrad_5_intro_ryan_romanced,7,line:18ae08ef,061d649bf4c733b7,Conrad,$ryan_conrad_romanced $conrad_romanced $ryan_romanced
L14 Conrad,intro,Conrad_5_intro_ryan_romanced,8,line:a2ff0176,4193e2b4730c89ad,Conrad,$ryan_conrad_romanced $conrad_romanced $ryan_romanced
L14 Conrad,intro,Conrad_5_intro_ryan_romanced,9,line:34cf0601,63ecf81d4e111712,Kobold,$ryan_conrad_romanced $conrad_romanced $ryan_romanced
L14 Conrad,intro,Conrad_5_intro_ryan_romanced,10,line:a5d2b991,0c7c795d2dd5eb76,Kobold,$ryan_conrad_romanced $conrad_romanced $ryan_romanced
L14 Conrad,intro,Conrad_5_intro_ryan_romanced,11,line:33e2bee6,7b42e92a68e914e0,Conrad,$ryan_conrad_romanced $conrad_romanced $ryan_romanced
L14 Conrad,intro,Conrad_5_intro_ryan_romanced,12,line:d66b7986,ae61bf1949b59852,Conrad,$ryan_conrad_romanced $conrad_romanced $ryan_romanced
L14 Conrad,intro,Conrad_5_intro_ryan_romanced,13,line:405b7ef1,25ba5fd876754270,Conrad,$ryan_conrad_romanced $conrad_romanced $ryan_romanced
L14 Conrad,intro,Conrad_5_intro_conrad_romanced,1,line:1538bc7e,76777c9ea422832b,Conrad,$ryan_conrad_romanced $conrad_romanced $ryan_romanced
L14 Conrad,intro,Conrad_5_intro_conrad_romanced,2,line:8308bb09,0b7efee62380b6cd,Conrad,$ryan_conrad_romanced $conrad_romanced $ryan_romanced
L14 Conrad,intro,Conrad_5_intro_conrad_romanced,3,line:209ddf97,060982be63865e2c,Kobold,$ryan_conrad_romanced $conrad_romanced $ryan_romanced
L14 Conrad,intro,Conrad_5_intro_conrad_romanced,4,line:0bd1699e,b6fff34d007d61c9,Kobold,$ryan_conrad_romanced $conrad_romanced $ryan_romanced
L14 Conrad,intro,Conrad_5_intro_conrad_romanced,5,line:b6add8e0,806a4d3418ed236d,Conrad,$ryan_conrad_romanced $conrad_romanced $ryan_romanced
L14 Conrad,intro,Conrad_5_intro_conrad_romanced,6,line:0cfcd179,4bd075c280186208,Conrad,$ryan_conrad_romanced $conrad_romanced $ryan_romanced
L14 Conrad,intro,Conrad_5_intro_conrad_romanced,7,line:9accd60e,777560a71762cf9b,Conrad,$ryan_conrad_romanced $conrad_romanced $ryan_romanced
L14 Conrad,intro,Conrad_5_intro_conrad_romanced,8,line:9de16ee9,364ea49c3b6c9895,Conrad,$ryan_conrad_romanced $conrad_romanced $ryan_romanced
L14 Conrad,intro,Conrad_5_intro_conrad_romanced,9,line:fa0a9fbb,3ef6b1f5eeda632e,Conrad,$ryan_conrad_romanced $conrad_romanced $ryan_romanced
L14 Conrad,intro,Conrad_5_intro_conrad_romanced,10,line:6c3a98cc,ec760ba3440257aa,Conrad,$ryan_conrad_romanced $conrad_romanced $ryan_romanced
L14 Conrad,intro,Conrad_5_intro_conrad_romanced,11,line:d66b9155,de408e85752b4a9e,Kobold,$ryan_conrad_romanced $conrad_romanced $ryan_romanced
L14 Conrad,intro,Conrad_5_intro_conrad_romanced,12,line:e3cef2bc,300d848a1b6703e2,Kobold,$ryan_conrad_romanced $conrad_romanced $ryan_romanced
L14 Conrad,intro,Conrad_5_intro_conrad_romanced,13,line:405b9622,c38c5771c6cf6118,Conrad,$ryan_conrad_romanced $conrad_romanced $ryan_romanced
L14 Conrad,intro,Conrad_5_intro_conrad_romanced,14,line:75fef5cb,260d7e3607c0eca1,Conrad,$ryan_conrad_romanced $conrad_romanced $ryan_romanced
L14 Conrad,intro,Conrad_5_intro_conrad_romanced,15,line:cfaffc52,d875bd1d6febfd53,Conrad,$ryan_conrad_romanced $conrad_romanced $ryan_romanced
L14 Conrad,intro,Conrad_5_intro_conrad_romanced,16,line:599ffb25,a652a464f67481de,Conrad,$ryan_conrad_romanced $conrad_romanced $ryan_romanced
L14 Conrad,intro,Conrad_5_intro_conrad_romanced,17,line:c88244b5,ce3783abd13119b6,Conrad,$ryan_conrad_romanced $conrad_romanced $ryan_romanced
L14 Conrad,intro,Conrad_5_intro_conrad_romanced,18,line:5eb243c2,18ed0c57d649df67,Conrad,$ryan_conrad_romanced $conrad_romanced $ryan_romanced
L14 Conrad,intro,Conrad_5_intro_ryan_conrad_romanced,1,line:24ce37ec,9ec8a28e82bf29dd,Conrad,$ryan_conrad_romanced $conrad_romanced $ryan_romanced
L14 Conrad,intro,Conrad_5_intro_ryan_conrad_romanced,2,line:b2fe309b,ce0517f9b97181e5,Kobold,$ryan_conrad_romanced $conrad_romanced $ryan_romanced
L14 Conrad,intro,Conrad_5_intro_ryan_conrad_romanced,3,line:3d0a5aeb,67beed0c39e205b4,Kobold,$ryan_conrad_romanced $conrad_romanced $ryan_romanced
L14 Conrad,intro,Conrad_5_intro_ryan_conrad_romanced,4,line:08af3902,9560e52eac466c54,Conrad,$ryan_conrad_romanced $conrad_romanced $ryan_romanced
L14 Conrad,intro,Conrad_5_intro_ryan_conrad_romanced,5,line:9e9f3e75,f1afc0e7b46c4e3f,Conrad,$ryan_conrad_romanced $conrad_romanced $ryan_romanced
L14 Conrad,intro,Conrad_5_intro_ryan_conrad_romanced,6,line:ab3a5d9c,36cd0d2b83086eeb,Conrad,$ryan_conrad_romanced $conrad_romanced $ryan_romanced
L14 Conrad,intro,Conrad_5_intro_ryan_conrad_romanced,7,line:116b5405,9560e52eac466c54,Conrad,$ryan_conrad_romanced $conrad_romanced $ryan_romanced
L14 Conrad,intro,Conrad_5_intro_ryan_conrad_romanced,8,line:875b5372,f1afc0e7b46c4e3f,Conrad,$ryan_conrad_romanced $conrad_romanced $ryan_romanced
L14 Conrad,intro,Conrad_5_intro_ryan_conrad_romanced,9,line:1646ece2,4b512432c16ce478,Conrad,$ryan_conrad_romanced $conrad_romanced $ryan_romanced
L14 Conrad,intro,Conrad_5_intro_ryan_conrad_romanced,10,line:8076eb95,258282b3a0c1182a,Conrad,$ryan_conrad_romanced $conrad_romanced $ryan_romanced
L14 Conrad,intro,Conrad_5_intro_ryan_conrad_romanced,11,line:ebd2af6b,b67855af6a6d0c66,Kobold,$ryan_conrad_romanced $conrad_romanced $ryan_romanced
L14 Conrad,intro,Conrad_5_intro_ryan_conrad_romanced,12,line:c7b3a185,9ab1cc314a249eac,Kobold,$ryan_conrad_romanced $conrad_romanced $ryan_romanced
L14 Conrad,intro,Conrad_5_intro_ryan_conrad_romanced,13,line:7de2a81c,1d28eb42dcdd879d,Conrad,$ryan_conrad_romanced $conrad_romanced $ryan_romanced
L14 Conrad,intro,Conrad_5_intro_ryan_conrad_romanced,14,line:5183a6f2,f51bead488e14b65,Conrad,$ryan_conrad_romanced $conrad_romanced $ryan_romanced
L14 Conrad,progress,Conrad_5_required_ryan_romanced,1,line:85ec0862,189bf8eff795718a,Conrad,$ryan_romanced
L14 Conrad,progress,Conrad_5_required_ryan_romanced,2,line:13dc0f15,cf69f255df6f95af,Kobold,$ryan_romanced
L14 Conrad,progress,Conrad_5_required_ryan_romanced,3,line:3fbd01fb,3aa0d9279bff43d9,Kobold,$ryan_romanced
L14 Conrad,progress,Conrad_5_required_ryan_romanced,4,line:a98d068c,f135fa715daf4f0c,Conrad,$ryan_romanced
L14 Conrad,progress,Conrad_5_required_ryan_romanced,5,line:aea0be6b,1af4464c602a423a,Conrad,$ryan_romanced
L14 Conrad,progress,Conrad_5_required_ryan_romanced,6,line:3890b91c,b127befdbae1da68,Conrad,$ryan_romanced
L14 Conrad,progress,Conrad_5_required_ryan_romanced,7,line:dd197e7c,ab5df625bc76dbd4,Conrad,$ryan_romanced
L14 Conrad,progress,Conrad_5_required_ryan_romanced,8,line:4b29790b,e00a5000d0f2cd2a,Conrad,$ryan_romanced
L14 Conrad,progress,Conrad_5_required_ryan_romanced,9,line:f1787092,9912569ea696f8ed,Kobold,$ryan_romanced
L14 Conrad,progress,Conrad_5_required_ryan_romanced,10,line:52ed140c,7bd3b05552e5bd75,Kobold,$ryan_romanced
L14 Conrad,progress,Conrad_5_required_ryan_romanced,11,line:674877e5,051b72b94276cf81,Conrad,$ryan_romanced
L14 Conrad,progress,Conrad_5_required_ryan_romanced,12,line:c4dd137b,d5e5e7ee92b23759,Conrad,$ryan_romanced
L14 Conrad,progress,Conrad_5_required_ryan_romanced,13,line:e8bc1d95,83e2bb850a49b35e,Conrad,$ryan_romanced
L14 Conrad,progress,Conrad_5_required_ryan_romanced,14,line:7e8c1ae2,9f69f9b215b926ee,Conrad,$ryan_romanced
L14 Conrad,progress,Conrad_5_required_ryan_romanced,15,line:ef91a572,2c910bcdb2651bf0,Conrad,$ryan_romanced
L14 Conrad,progress,Conrad_5_required_ryan_romanced,16,line:79a1a205,9e8a396c1742ffde,Conrad,$ryan_romanced
L14 Conrad,progress,Conrad_5_required_conrad_romanced,1,line:b983f922,63b786e95b90bc5e,Conrad,$ryan_romanced $conrad_romanced
L14 Conrad,progress,Conrad_5_required_conrad_romanced,2,line:2fb3fe55,1032684d93c794bf,Kobold,$ryan_romanced $conrad_romanced
L14 Conrad,progress,Conrad_5_required_conrad_romanced,3,line:a0479425,de408e85752b4a9e,Kobold,$ryan_romanced $conrad_romanced
L14 Conrad,progress,Conrad_5_required_conrad_romanced,4,line:95e2f7cc,85fec70372b092bb,Conrad,$ryan_romanced $conrad_romanced
L14 Conrad,progress,Conrad_5_required_conrad_romanced,5,line:03d2f0bb,ab5df625bc76dbd4,Conrad,$ryan_romanced $conrad_romanced
L14 Conrad,progress,Conrad_5_required_conrad_romanced,6,line:36779352,6a74a80cafdccde8,Conrad,$ryan_romanced $conrad_romanced
L14 Conrad,progress,Conrad_5_required_conrad_romanced,7,line:8c269acb,06318559748ee640,Conrad,$ryan_romanced $conrad_romanced
L14 Conrad,progress,Conrad_5_required_conrad_romanced,8,line:1a169dbc,6c4d5b09c5034364,Conrad,$ryan_romanced $conrad_romanced
L14 Conrad,progress,Conrad_5_required_conrad_romanced,9,line:8b0b222c,95e9b7e01259ac1e,Conrad,$ryan_romanced $conrad_romanced
L14 Conrad,progress,Conrad_5_required_conrad_romanced,10,line:1d3b255b,66e39f6379268a82,Kobold,$ryan_romanced $conrad_romanced
L14 Conrad,progress,Conrad_5_required_conrad_romanced,11,line:6e82e54c,3ee865676f6e4c99,Kobold,$ryan_romanced $conrad_romanced
L14 Conrad,progress,Conrad_5_required_conrad_romanced,12,line:f8b2e23b,f9ae65b8ce359331,Conrad,$ryan_romanced $conrad_romanced
L14 Conrad,progress,Conrad_5_required_conrad_romanced,13,line:d4d3ecd5,1d1baaa8db27cb04,Conrad,$ryan_romanced $conrad_romanced
L14 Conrad,progress,Conrad_5_required_conrad_romanced,14,line:42e3eba2,ff84a4b13b8be2a4,Conrad,$ryan_romanced $conrad_romanced
L14 Conrad,progress,Conrad_5_required_ryan_conrad_romanced,1,line:92829935,1598446fc49cdf80,Conrad,$ryan_romanced $conrad_romanced $ryan_conrad_romanced
L14 Conrad,progress,Conrad_5_required_ryan_conrad_romanced,2,line:04b29e42,e2e3e43114ab1531,Kobold,$ryan_romanced $conrad_romanced $ryan_conrad_romanced
L14 Conrad,progress,Conrad_5_required_ryan_conrad_romanced,3,line:28d390ac,03e1d33ec4a7f6e8,Kobold,$ryan_romanced $conrad_romanced $ryan_conrad_romanced
L14 Conrad,progress,Conrad_5_required_ryan_conrad_romanced,4,line:bee397db,73f5014bc8782ad4,Conrad,$ryan_romanced $conrad_romanced $ryan_conrad_romanced
L14 Conrad,progress,Conrad_5_required_ryan_conrad_romanced,5,line:b9ce2f3c,953a9b287930c86a,Conrad,$ryan_romanced $conrad_romanced $ryan_conrad_romanced
L14 Conrad,progress,Conrad_5_required_ryan_conrad_romanced,6,line:2ffe284b,41d3eda9c195fe48,Conrad,$ryan_romanced $conrad_romanced $ryan_conrad_romanced
L14 Conrad,progress,Conrad_5_required_ryan_conrad_romanced,7,line:4815d919,42fb7bc16778c0a5,Conrad,$ryan_romanced $conrad_romanced $ryan_conrad_romanced
L14 Conrad,progress,Conrad_5_required_ryan_conrad_romanced,8,line:de25de6e,66ad79997bc62825,Conrad,$ryan_romanced $conrad_romanced $ryan_conrad_romanced
L14 Conrad,progress,Conrad_5_required_ryan_conrad_romanced,9,line:6474d7f7,7f8b591142c62352,Kobold,$ryan_romanced $conrad_romanced $ryan_conrad_romanced
L14 Conrad,progress,Conrad_5_required_ryan_conrad_romanced,10,line:51d1b41e,98e27e864ef9bcd4,Kobold,$ryan_romanced $conrad_romanced $ryan_conrad_romanced
L14 Conrad,progress,Conrad_5_required_ryan_conrad_romanced,11,line:f244d080,7d6c8c039970d352,Conrad,$ryan_romanced $conrad_romanced $ryan_conrad_romanced
L14 Conrad,progress,Conrad_5_required_ryan_conrad_romanced,12,line:c7e1b369,e2e3e43114ab1531,Conrad,$ryan_romanced $conrad_romanced $ryan_conrad_romanced
L14 Conrad,progress,Conrad_5_required_ryan_conrad_romanced,13,line:7db0baf0,5e25d0f2371f53e0,Conrad,$ryan_romanced $conrad_romanced $ryan_conrad_romanced
L14 Conrad,jerkoff,Conrad_5_JerkOff_Start,1,line:4d4d9986,c96d891724f6aacb,Conrad,
L14 Conrad,cum,Conrad_5_Cum,1,line:203bce10,51bfc34995242b1a,Conrad,
L14 Conrad,outro,Conrad_5_outro_ryan_romanced,1,line:f57fc630,311729708567a9d6,Kobold,$ryan_romanced
L14 Conrad,outro,Conrad_5_outro_ryan_romanced,2,line:f2527ed7,84da55b8523dba73,Kobold,$ryan_romanced
L14 Conrad,outro,Conrad_5_outro_ryan_romanced,3,line:646279a0,2bde145654bd4a8f,Conrad,$ryan_romanced
L14 Conrad,outro,Conrad_5_outro_ryan_romanced,4,line:17dbb9b7,af144d6cb4daa5e6,Conrad,$ryan_romanced
L14 Conrad,outro,Conrad_5_outro_ryan_romanced,5,line:81ebbec0,8c873098ac0042a6,Conrad,$ryan_romanced
L14 Conrad,outro,Conrad_5_outro_ryan_romanced,6,line:3bbab759,028e30f8adf6e6ad,Conrad,$ryan_romanced
L14 Conrad,outro,Conrad_5_outro_ryan_romanced,7,line:ad8ab02e,a398eca1fb8d9924,Conrad,$ryan_romanced
L14 Conrad,outro,Conrad_5_outro_ryan_romanced,8,line:0e1fd4b0,234fc4abfc8d8619,Conrad,$ryan_romanced
L14 Conrad,outro,Conrad_5_outro_ryan_romanced,9,line:982fd3c7,a53a782390260e09,Kobold,$ryan_romanced
L14 Conrad,outro,Conrad_5_outro_ryan_romanced,10,line:255362b9,8e369560d1581070,Kobold,$ryan_romanced
L14 Conrad,outro,Conrad_5_outro_ryan_romanced,11,line:227eda5e,ab5df625bc76dbd4,Conrad,$ryan_romanced
L14 Conrad,outro,Conrad_5_outro_ryan_romanced,12,line:b44edd29,f6b30f28e561466d,Conrad,$ryan_romanced
L14 Conrad,outro,Conrad_5_outro_ryan_romanced,13,line:b36365ce,ac2b2c6605839727,Conrad,$ryan_romanced
L14 Conrad,outro,Conrad_5_outro_ryan_romanced,14,line:d04df8f8,fc66fcc7fd7d0e4d,Conrad,$ryan_romanced
L14 Conrad,outro,Conrad_5_outro_conrad_romanced,1,line:eb7cf9e5,9333db61bcc08052,Conrad,$ryan_romanced $conrad_romanced
L14 Conrad,outro,Conrad_5_outro_conrad_romanced,2,line:512df07c,8b45593ada7894a3,Conrad,$ryan_romanced $conrad_romanced
L14 Conrad,outro,Conrad_5_outro_conrad_romanced,3,line:c71df70b,53e54ad7b23e6757,Kobold,$ryan_romanced $conrad_romanced
L14 Conrad,outro,Conrad_5_outro_conrad_romanced,4,line:48e99d7b,4f319a155b3e572c,Kobold,$ryan_romanced $conrad_romanced
L14 Conrad,outro,Conrad_5_outro_conrad_romanced,5,line:64889395,f030a371b944e9be,Conrad,$ryan_romanced $conrad_romanced
L14 Conrad,outro,Conrad_5_outro_conrad_romanced,6,line:f2b894e2,f3296c9825518630,Conrad,$ryan_romanced $conrad_romanced
L14 Conrad,outro,Conrad_5_outro_conrad_romanced,7,line:ded99a0c,c215e512d572e96c,Conrad,$ryan_romanced $conrad_romanced
L14 Conrad,outro,Conrad_5_outro_conrad_romanced,8,line:4fc4259c,22d803e60de439a9,Conrad,$ryan_romanced $conrad_romanced
L14 Conrad,outro,Conrad_5_outro_conrad_romanced,9,line:d9f422eb,092af5ec90bd21c7,Conrad,$ryan_romanced $conrad_romanced
L14 Conrad,outro,Conrad_5_outro_ryan_conrad_romanced,1,line:eaafe671,e079ff157877ea28,Conrad,$ryan_romanced $conrad_romanced $ryan_conrad_romanced
L14 Conrad,outro,Conrad_5_outro_ryan_conrad_romanced,2,line:7c9fe106,6749954edebda844,Conrad,$ryan_romanced $conrad_romanced $ryan_conrad_romanced
L14 Conrad,outro,Conrad_5_outro_ryan_conrad_romanced,3,line:c6cee89f,2bc72fd03dd6d9e7,Conrad,$ryan_romanced $conrad_romanced $ryan_conrad_romanced
L14 Conrad,outro,Conrad_5_outro_ryan_conrad_romanced,4,line:50feefe8,f001e3ed4df7e0ee,Kobold,$ryan_romanced $conrad_romanced $ryan_conrad_romanced
L14 Conrad,outro,Conrad_5_outro_ryan_conrad_romanced,5,line:655b8c01,9d4a6cd35afcc17e,Kobold,$ryan_romanced $conrad_romanced $ryan_conrad_romanced
L14 Conrad,outro,Conrad_5_outro_ryan_conrad_romanced,6,line:f36b8b76,5e4e2c64bc630fa1,Conrad,$ryan_romanced $conrad_romanced $ryan_conrad_romanced
L14 Conrad,outro,Conrad_5_outro_ryan_conrad_romanced,7,line:df0a8598,5c58c3e6d4c7dc65,Conrad,$ryan_romanced $conrad_romanced $ryan_conrad_romanced
L14 Conrad,outro,Conrad_5_outro_ryan_conrad_romanced,8,line:493a82ef,163137d1bff25904,Conrad,$ryan_romanced $conrad_romanced $ryan_conrad_romanced
L14 Conrad,outro,Conrad_5_outro_ryan_conrad_romanced,9,line:d8273d7f,94d29a68cf0c8c31,Conrad,$ryan_romanced $conrad_romanced $ryan_conrad_romanced
L15 Alexander,intro,Alexander_5_intro,1,line:6d5ba814,a67959dc39353129,Alexander,
L15 Alexander,intro,Alexander_5_intro,2,line:fc461784,c1a949184675fa92,Alexander,
L15 Alexander,intro,Alexander_5_intro,3,line:6a7610f3,60f8f02dd7a80d00,Kobold,
L15 Alexander,intro,Alexander_5_intro,4,line:0d9de1a1,6e98155abad655c3,Kobold,
L15 Alexander,intro,Alexander_5_intro,5,line:9bade6d6,9cf9d4fc71363f68,Kobold,
L15 Alexander,intro,Alexander_5_intro,6,line:21fcef4f,bc3d56d7794e4370,Kobold,
L15 Alexander,intro,Alexander_5_intro,7,line:14598ca6,1bef44aeb393caf0,Kobold,
L15 Alexander,intro,Alexander_5_intro,8,line:b7cce838,2d8bd7d9bb5f85ba,Alexander,
L15 Alexander,intro,Alexander_5_intro,9,line:82698bd1,36cd0d2b83086eeb,Alexander,
L15 Alexander,intro,Alexander_5_intro,10,line:38388248,b048841add4ee6cf,Alexander,
L15 Alexander,intro,Alexander_5_intro,11,line:ae08853f,beeee2948bf1c30a,Alexander,
L15 Alexander,intro,Alexander_5_intro,12,line:3f153aaf,906a59351176dc24,Kobold,
L15 Alexander,intro,Alexander_5_intro,13,line:a9253dd8,2a75724b922176cf,Alexander,
L15 Alexander,intro,Alexander_5_intro,14,line:4cacfab8,1f4da5e1dde7e17c,Alexander,
L15 Alexander,intro,Alexander_5_intro,15,line:da9cfdcf,50f1967e1e33cecf,Kobold,
L15 Alexander,intro,Alexander_5_intro,16,line:60cdf456,0738da2a76bc2231,Alexander,
L15 Alexander,intro,Alexander_5_intro,17,line:f6fdf321,1f4da5e1dde7e17c,Alexander,
L15 Alexander,intro,Alexander_5_intro,18,line:556897bf,896dc87e931d64eb,Kobold,
L15 Alexander,intro,Alexander_5_intro,19,line:ef399e26,0786859cb08f5ef9,Kobold,
L15 Alexander,intro,Alexander_5_intro,20,line:c35890c8,414ed962f4c8a03a,Alexander,
L15 Alexander,intro,Alexander_5_intro,21,line:79099951,10cdda610834ef77,Alexander,
L15 Alexander,intro,Alexander_5_intro,22,line:7e2421b6,346865d8c1dd9693,Alexander,
L15 Alexander,intro,Alexander_5_intro,23,line:e81426c1,f9ccb379ac224d71,Alexander,
L15 Alexander,intro,Alexander_5_intro,24,line:8b3abbf7,4e576daaec5a2d15,Kobold,
L15 Alexander,intro,Alexander_5_intro,25,line:a75bb519,3a1b28ba58f06ac8,Kobold,
L15 Alexander,intro,Alexander_5_intro,26,line:1d0abc80,42dbc75670fc6105,Alexander,
L15 Alexander,intro,Alexander_5_intro,27,line:316bb26e,f51bead488e14b65,Alexander,
L15 Alexander,progress,Alexander_5_romance_route,1,line:1b6c7f75,36cd0d2b83086eeb,Alexander,$ryan_conrad_romanced
L15 Alexander,progress,Alexander_5_romance_route,2,line:8d5c7802,834032dfb827138e,Kobold,$ryan_conrad_romanced
L15 Alexander,progress,Alexander_5_romance_route,3,line:370d719b,b4eff799a0271863,Kobold,$ryan_conrad_romanced
L15 Alexander,progress,Alexander_5_romance_route,4,line:a13d76ec,067e958be39127d9,Alexander,$ryan_conrad_romanced
L15 Alexander,progress,Alexander_5_romance_route,5,line:3020c97c,4dd6f1ad9c86a533,Alexander,$ryan_conrad_romanced
L15 Alexander,progress,Alexander_5_romance_route,6,line:a610ce0b,303f7b0a567bfb2b,Kobold,$ryan_conrad_romanced
L15 Alexander,progress,Alexander_5_romance_route,7,line:f9c800f2,09141003dee8665c,Kobold,$ryan_conrad_romanced
L15 Alexander,progress,Alexander_5_romance_route,8,line:763c6a82,43c22d680a102c02,Kobold,$ryan_conrad_romanced
L15 Alexander,progress,Alexander_5_romance_route,9,line:4399096b,b356a126e4318643,Alexander,$ryan_conrad_romanced
L15 Alexander,progress,Alexander_5_romance_route,10,line:d5a90e1c,4d433e9df480be59,Alexander,$ryan_conrad_romanced
L15 Alexander,progress,Alexander_5_romance_route,11,line:6ff80785,c2ec019426b864e2,Alexander,$ryan_conrad_romanced
L15 Alexander,progress,Alexander_5_romance_route,12,line:5a5d646c,2819c10656ee517a,Alexander,$ryan_conrad_romanced
L15 Alexander,progress,Alexander_5_romance_route,13,line:cc6d631b,c2ec019426b864e2,Alexander,$ryan_conrad_romanced
L15 Alexander,progress,Alexander_5_romance_route,14,line:e00c6df5,f51bead488e14b65,Alexander,$ryan_conrad_romanced
L15 Alexander,progress,Alexander_5_romance_route,15,line:7111d265,8fa16c7b8108298a,Alexander,$ryan_conrad_romanced
L15 Alexander,progress,Alexander_5_romance_route,16,line:e721d512,4f6ee313463724ba,Alexander,$ryan_conrad_romanced
L15 Alexander,progress,Alexander_5_romance_route,17,line:8c8591ec,96ec8add863c6173,Alexander,$ryan_conrad_romanced
L15 Alexander,progress,Alexander_5_romance_route,18,line:1ab5969b,558dbfba7857e37d,Alexander,$ryan_conrad_romanced
L15 Alexander,progress,Alexander_5_romance_route,19,line:a0e49f02,76eea215ea7ba450,Kobold,$ryan_conrad_romanced
L15 Alexander,progress,Alexander_5_romance_route,20,line:0371fb9c,500188b2a2627768,Kobold,$ryan_conrad_romanced
L15 Alexander,progress,Alexander_5_romance_route,21,line:36d49875,84f325bca745e504,Alexander,$ryan_conrad_romanced
L15 Alexander,progress,Alexander_5_romance_route,22,line:9541fceb,96b6a8b07a0781d0,Alexander,$ryan_conrad_romanced
L15 Alexander,progress,Alexander_5_romance_route,23,line:b920f205,942b49a7c66fb0bf,Alexander,$ryan_conrad_romanced
L15 Alexander,progress,Alexander_5_romance_route,24,line:2f10f572,b1cb9d9c9d3d9661,Alexander,$ryan_conrad_romanced
L15 Alexander,progress,Alexander_5_required,1,line:1c856f1c,861a7c80ccb8a4ba,Alexander,
L15 Alexander,progress,Alexander_5_required,2,line:8ab5686b,3481be04c35d76a2,Kobold,
L15 Alexander,progress,Alexander_5_required,3,line:681117ec,d26f0d306552c44a,Kobold,
L15 Alexander,progress,Alexander_5_required,4,line:e0c8c57b,cf755b67feb7b6d9,Kobold,
L15 Alexander,progress,Alexander_5_required,5,line:30e461f2,6af3f2040301f8fa,Alexander,
L15 Alexander,progress,Alexander_5_required,6,line:a6d46685,9b8379de3d387846,Alexander,
L15 Alexander,progress,Alexander_5_required,7,line:37c9d915,add751924d595d89,Kobold,
L15 Alexander,progress,Alexander_5_required,8,line:44701902,1aa7b1c1d5fb1fd6,Kobold,
L15 Alexander,progress,Alexander_5_required,9,line:a1f9de62,8dd47db88ce81f6d,Alexander,
L15 Alexander,progress,Alexander_5_required,10,line:d2401e75,ebc110388e3748fa,Alexander,
L15 Alexander,progress,Alexander_5_required,11,line:fe21109b,a8ab7e0a75fdc69c,Alexander,
L15 Alexander,progress,Alexander_5_required,12,line:5db47405,5bac15668ef9b115,Alexander,
L15 Alexander,progress,Alexander_5_required,13,line:cb847372,add751924d595d89,Kobold,
L15 Alexander,progress,Alexander_5_required,14,line:e7e57d9c,1aa7b1c1d5fb1fd6,Kobold,
L15 Alexander,progress,Alexander_5_required,15,line:71d57aeb,8dd47db88ce81f6d,Alexander,
L15 Alexander,progress,Alexander_5_required,16,line:76f8c20c,ebc110388e3748fa,Alexander,
L15 Alexander,progress,Alexander_5_required,17,line:87233429,b356a126e4318643,Alexander,
L15 Alexander,progress,Alexander_5_required,18,line:1113335e,ab5df625bc76dbd4,Alexander,
L15 Alexander,progress,Alexander_5_required,19,line:ab423ac7,84f325bca745e504,Alexander,
L15 Alexander,progress,Alexander_5_required,20,line:3d723db0,cb8f422bf973d563,Alexander,
L15 Alexander,jerkoff,Alexander_5_JerkOff_Start,1,line:c777ce0c,caa4d660ab8d004d,Alexander,
L15 Alexander,cum,Alexander_5_Cum,1,line:963981e4,3eb65bb3b11e901c,Alexander,
L15 Alexander,mount_start,Alexander_5_Mount_Start,1,line:c60c65e8,6df0c2c2617b9905,Alexander,
L15 Alexander,mount_finish,Alexander_5_Mount_Finish,1,line:acab92d4,31ea4258e44c77e4,Alexander,
L15 Alexander,outro,Alexander_5_Outro,1,line:505e150f,026554f86388b721,Alexander,
L15 Alexander,outro,Alexander_5_Outro,2,line:c66e1278,7f37ff79ee94bd0b,Alexander,
L15 Alexander,outro,Alexander_5_Outro,3,line:23e7d518,f5e9b1cef9c39e89,Alexander,
L15 Alexander,outro,Alexander_5_Outro,4,line:b5d7d26f,de408e85752b4a9e,Alexander,
L15 Alexander,outro,Alexander_5_Outro,5,line:0f86dbf6,5832139d604c3ee8,Kobold,
L15 Alexander,outro,Alexander_5_Outro,6,line:3a23b81f,6ed2300bf162b1de,Kobold,
L15 Alexander,outro,Alexander_5_Outro,7,line:99b6dc81,ebb96171ea7628a0,Alexander,
L15 Alexander,outro,Alexander_5_Outro,8,line:ac13bf68,ada4e05c4d451f61,Alexander,
L15 Alexander,outro,Alexander_5_Outro,9,line:1642b6f1,6068953467a952bf,Alexander,
L15 Alexander,outro,Alexander_5_Outro,10,line:8072b186,7ca9216de53b82e5,Alexander,
L15 Alexander,outro,Alexander_5_Outro,11,line:116f0e16,4f8eb9eeb14b2f7d,Alexander,
L15 Alexander,outro,Alexander_5_Outro,12,line:875f0961,991fa15e47275ce0,Alexander,
L15 Alexander,outro,Alexander_5_Outro,13,line:5d36d5c8,6d1255dd43802973,Alexander,
L15 Alexander,outro,Alexander_5_Outro,14,line:cb06d2bf,5d5e0eafc7ef13d6,Kobold,
L15 Alexander,outro,Alexander_5_Outro,15,line:7157db26,63b9a103362edd6c,Kobold,
L15 Alexander,outro,Alexander_5_Outro,16,line:e767dc51,6df8f8008c57cbac,Alexander,
L15 Alexander,outro,Alexander_5_Outro,17,line:44f2b8cf,1cb7b221b7adda1c,Alexander,
Cutscene,,Alexander_SexScene,1,line:d132db41,266f7a45346224eb,Alexander,
Cutscene,,Alexander_SexScene,2,line:6b63d2d8,43b91c684627d3b6,Alexander,
Cutscene,,Alexander_SexScene_Loop,1,line:dfe74420,7d085d9765e3c5d6,Alexander,
Cutscene,,Alexander_SexScene_Loop,2,line:4efafbb0,f70738ec42aa401d,Alexander,
Cutscene,,Alexander_SexScene_Loop,3,line:d8cafcc7,328ad033a139998d,Alexander,
Cutscene,,Alexander_SexScene_Loop,4,line:b36eb839,5ec1f7e700f37c3d,Alexander,
Cutscene,,Alexander_SexScene_Cum,1,line:00e41343,08ab4c0c6ca5fe6f,Kobold,$alexander_sexscene_loops
Cutscene,,Alexander_SexScene_Cum,2,line:bab51ada,069e24aa896ea4cf,Alexander,$alexander_sexscene_loops
Cutscene,,Alexander_SexScene_Cum,3,line:2c851dad,2c33dcef91e06624,Kobold,$alexander_sexscene_loops
Cutscene,,Alexander_SexScene_Cum,4,line:8f107933,2d731f1625c8064f,Alexander,$alexander_sexscene_loops
Cutscene,,Alexander_SexScene_Cum,5,line:19207e44,4650860eb73dd16f,Kobold,$alexander_sexscene_loops
Cutscene,,Alexander_SexScene_Cum,6,line:354170aa,860ede2808e2507c,Kobold,$alexander_sexscene_loops
Cutscene,,Alexander_SexScene_Cum,7,line:a37177dd,16c36baab1491eb1,Alexander,$alexander_sexscene_loops
Cutscene,,Alexander_SexScene_Cum,8,line:a45ccf3a,24537bfd61baf4a0,Alexander,$alexander_sexscene_loops
Cutscene,,Alexander_SexScene_Cum,9,line:326cc84d,a63eed0b6b6a78c7,Kobold,$alexander_sexscene_loops
Cutscene,,Alexander_SexScene_Cum,10,line:41d5085a,35f5ee08b67fc0f5,Kobold,$alexander_sexscene_loops
Cutscene,,Alexander_SexScene_Cum,11,line:d7e50f2d,82af5427ecb85c11,Alexander,$alexander_sexscene_loops
Cutscene,,Alexander_SexScene_Cum,12,line:fb8401c3,847ec7301eab2bde,Alexander,$alexander_sexscene_loops
Cutscene,,Alexander_SexScene_Cum,13,line:6db406b4,c958ed597f3ee7b9,Alexander,$alexander_sexscene_loops
Cutscene,,Alexander_SexScene_Cum,14,line:ce21622a,f3be3d62065c0791,Kobold,$alexander_sexscene_loops
Cutscene,,Alexander_SexScene_Cum,15,line:e2406cc4,6a629fe795ac84d7,Kobold,$alexander_sexscene_loops
Cutscene,,Alexander_SexScene_Cum,16,line:5811655d,4cc4342b97114697,Alexander,$alexander_sexscene_loops
Cutscene,,Alexander_SexScene_Cum,17,line:74706bb3,ee63118710aa5c5b,Alexander,$alexander_sexscene_loops
Cutscene,,Alexander_SexScene_Cum,18,line:e56dd423,8319d1715d2a4149,Alexander,$alexander_sexscene_loops
Cutscene,,Conrad_SexScene,1,line:77c996e8,b6d2d6ccb52c5166,Conrad,
Cutscene,,Conrad_SexScene,2,line:a78dd44b,e5c48d779d6422b5,Kobold,
Cutscene,,Conrad_SexScene,3,line:31bdd33c,e0ecc38d8bbe3790,Conrad,
Cutscene,,Conrad_SexScene_Loop,1,line:2f9b499a,d7e01674d2776085,Conrad,
Cutscene,,Conrad_SexScene_Loop,2,line:b9ab4eed,9b277d164ba8a630,Conrad,
Cutscene,,Conrad_SexScene_Loop,3,line:1a3e2a73,73433af885509f84,Conrad,
Cutscene,,Conrad_SexScene_Loop,4,line:8c0e2d04,5ec1f7e700f37c3d,Conrad,
Cutscene,,Conrad_SexScene_Cum,1,line:0bc044da,fcfcfc2c31be11e5,Conrad,$conrad_sexscene_loops
Cutscene,,Conrad_SexScene_Cum,2,line:9df043ad,6b426873374bb7a4,Kobold,$conrad_sexscene_loops
Cutscene,,Conrad_SexScene_Cum,3,line:9addfb4a,91213ceb7548b8dc,Kobold,$conrad_sexscene_loops
Cutscene,,Conrad_SexScene_Cum,4,line:0cedfc3d,72e3cb39cf4a181a,Conrad,$conrad_sexscene_loops
Cutscene,,Conrad_SexScene_Cum,5,line:7f543c2a,3f2d1b3f808a4ec7,Conrad,$conrad_sexscene_loops
Cutscene,,Conrad_SexScene_Cum,6,line:e9643b5d,46438371960f0974,Kobold,$conrad_sexscene_loops
Cutscene,,Conrad_SexScene_Cum,7,line:c50535b3,d893ccbfc95475bc,Kobold,$conrad_sexscene_loops
Cutscene,,Conrad_SexScene_Cum,8,line:533532c4,aa1a7618e29e4482,Conrad,$conrad_sexscene_loops
Cutscene,,Conrad_SexScene_Cum,9,line:6690512d,aa116a5879e94072,Conrad,$conrad_sexscene_loops
Cutscene,,Conrad_SexScene_Cum,10,line:f0a0565a,45a9ad3bf69b0498,Conrad,$conrad_sexscene_loops
Cutscene,,Conrad_SexScene_Cum,11,line:4af15fc3,4db30f4a0f40d350,Kobold,$conrad_sexscene_loops
Cutscene,,Ryan_Conrad_SexScene,1,line:f5f5b815,e86ce51d1dbf8280,Ryan,
Cutscene,,Ryan_Conrad_SexScene,2,line:5660dc8b,848d254c8d63e6fb,Conrad,
Cutscene,,Ryan_Conrad_SexScene,3,line:c050dbfc,3e0325398f9de675,Conrad,
Cutscene,,Ryan_Conrad_SexScene,4,line:7a01d265,d55845869b2cd946,Ryan,
Cutscene,,Ryan_Conrad_SexScene_Loop,1,line:3bc52918,59a6f968c75b792f,Conrad,
Cutscene,,Ryan_Conrad_SexScene_Loop,2,line:aad89688,836b8c1db049dc01,Ryan,
Cutscene,,Ryan_Conrad_SexScene_Loop,3,line:3ce891ff,dd91f260275b5093,Conrad,
Cutscene,,Ryan_Conrad_SexScene_Loop,4,line:5b0360ad,bf095ea55cdeb898,Conrad,
Cutscene,,Ryan_Conrad_SexScene_Loop,5,line:cd3367da,5001d1e4b306b6d9,Conrad,
Cutscene,,Ryan_Conrad_SexScene_Loop,6,line:77626e43,4c3de56e34727c37,Ryan,
Cutscene,,Ryan_Conrad_SexScene_Loop,7,line:e1526934,06cb256bd506fa70,Ryan,
Cutscene,,Ryan_Conrad_SexScene_Loop,8,line:42c70daa,2e028541c13b150b,Conrad,
Cutscene,,Ryan_Conrad_SexScene_Cum,1,line:194c1381,5142dd3610e4cc0c,Conrad,$ryan_conrad_sexscene_loops
Cutscene,,Ryan_Conrad_SexScene_Cum,2,line:a31d1a18,357806c023d4c85e,Kobold,$ryan_conrad_sexscene_loops
Cutscene,,Ryan_Conrad_SexScene_Cum,3,line:352d1d6f,4e0f42eaaa70c70d,Kobold,$ryan_conrad_sexscene_loops
Cutscene,,Ryan_Conrad_SexScene_Cum,4,line:a430a2ff,d8e952b1635e3fe5,Ryan,$ryan_conrad_sexscene_loops
Cutscene,,Ryan_Conrad_SexScene_Cum,5,line:3200a588,357806c023d4c85e,Kobold,$ryan_conrad_sexscene_loops
Cutscene,,Ryan_Conrad_SexScene_Cum,6,line:d78962e8,4e0f42eaaa70c70d,Kobold,$ryan_conrad_sexscene_loops
Cutscene,,Ryan_Conrad_SexScene_Cum,7,line:41b9659f,50504d8f1c0a5f1c,Ryan,$ryan_conrad_sexscene_loops
Cutscene,,Ryan_Conrad_SexScene_Cum,8,line:fbe86c06,e7a686aecb078b9e,Conrad,$ryan_conrad_sexscene_loops
Cutscene,,Ryan_Conrad_SexScene_Cum,9,line:6dd86b71,98087861fbfaa621,Ryan,$ryan_conrad_sexscene_loops
Cutscene,,Ryan_Conrad_SexScene_Cum,10,line:ce4d0fef,be1dff750703beb9,Conrad,$ryan_conrad_sexscene_loops
Cutscene,,Ryan_SexScene,1,line:9369755d,caa123c912750ed2,Ryan,
Cutscene,,Ryan_SexScene,2,line:0274cacd,c8dda0f1b46383bc,Kobold,
Cutscene,,Ryan_SexScene,3,line:9444cdba,849b442f9a88c950,Kobold,
Cutscene,,Ryan_SexScene,4,line:f3af3ce8,88f476f3d6ebac8d,Ryan,
Cutscene,,Ryan_SexScene_Loop,1,line:b2d99a43,48cf02e6d9e88966,Ryan,
Cutscene,,Ryan_SexScene_Loop,2,line:088893da,8caf602c6f60f544,Ryan,
Cutscene,,Ryan_SexScene_Loop,3,line:9eb894ad,db7bd45c48fe49a2,Ryan,
Cutscene,,Ryan_SexScene_Loop,4,line:3d2df033,5ec1f7e700f37c3d,Ryan,
Cutscene,,Ryan_SexScene_Cum,1,line:f5d36d9a,eff478354f7f1b18,Ryan,$ryan_sexscene_loops
Cutscene,,Ryan_SexScene_Cum,2,line:4f826403,ddfa0f7133303565,Kobold,$ryan_sexscene_loops
Cutscene,,Ryan_SexScene_Cum,3,line:48afdce4,f76c951c6c97d8cd,Kobold,$ryan_sexscene_loops
Cutscene,,Ryan_SexScene_Cum,4,line:d9b26374,27cb363532fd0324,Ryan,$ryan_sexscene_loops
Cutscene,,Ryan_SexScene_Cum,5,line:de9fdb93,685d8bfcf6988796,Ryan,$ryan_sexscene_loops
Cutscene,,Ryan_SexScene_Cum,6,line:3b161cf3,8fdcf9b73762886e,Kobold,$ryan_sexscene_loops
Cutscene,,Ryan_SexScene_Cum,7,line:8147156a,5128d4e4a722127f,Kobold,$ryan_sexscene_loops
Cutscene,,Ryan_SexScene_Cum,8,line:ad261b84,eb41a8966fdf7cfd,Ryan,$ryan_sexscene_loops
Cutscene,,Ryan_SexScene_Cum,9,line:1777121d,9c78a3c6942a7982,Ryan,$ryan_sexscene_loops
Cutscene,,Ryan_SexScene_Cum,10,line:22d271f4,b9ed3621fb6dfbef,Ryan,$ryan_sexscene_loops
Cutscene,,Ryan_SexScene_Cum,11,line:b4e27683,99955b75e0544165,Kobold,$ryan_sexscene_loops
Cutscene,,Ryan_SexScene_Cum,12,line:0eb37f1a,ee60aadc2fcea44d,Ryan,$ryan_sexscene_loops
Cutscene,,Ryan_SexScene_Cum,13,line:9883786d,9d29fc6dcfe7c05d,Ryan,$ryan_sexscene_loops
Cutscene,,Ryan_SexScene_Cum,14,line:099ec7fd,3736ec41338c7ad0,Kobold,$ryan_sexscene_loops
Reaction,,DragonAlmostClean,1,line:7d791906,bae76fc276bb2030,Dragon,
Reaction,,DragonAlmostClean,2,line:ec64a696,ce6aaf93738f317e,Dragon,
Reaction,,DragonAlmostClean,3,line:7a54a1e1,16584052fd337f09,Kobold,
Reaction,,DragonAlmostClean,4,line:1dbf50b3,c54cbee211a25e14,Kobold,
Reaction,,DragonAlmostClean,5,line:8b8f57c4,1aa7b1c1d5fb1fd6,Dragon,
Reaction,,DragonAnnoyedByBuzzing,1,line:b965b4dd,d139edc8ffdc22b7,Dragon,
Reaction,,DragonAnnoyedByBuzzing,2,line:2f55b3aa,631ef624f4506ea7,Kobold,
Reaction,,DragonAnnoyedByBuzzing,3,line:9504ba33,ab5df625bc76dbd4,Kobold,
Reaction,,DragonColdBalls,1,line:4d3233a1,e820f3ec0397737f,Dragon,
Reaction,,DragonColdBalls,2,line:eea7573f,8408ed2f21e73811,Dragon,
Reaction,,DragonColdBalls,3,line:78975048,46f3ba9fc7d04fa7,Dragon,
Reaction,,DragonColdBalls,4,line:c2c659d1,00221b8a2772003a,Dragon,
Reaction,,DragonConfusedAboutDismissal,1,line:63926ecd,9b99cd22a6f3f85a,Dragon,
Reaction,,DragonConfusedAboutDismissal,2,line:f28fd15d,7022570f87a73481,Dragon,
Reaction,,DragonConfusedAboutDismissal,3,line:64bfd62a,27db29faa5e11bb6,Kobold,
Reaction,,DragonConfusedAboutDismissal,4,line:4116f001,4fff64bb7aeed72f,Kobold,
Reaction,,DragonConfusedAboutDismissal,5,line:d726f776,b0869fc4ea46c5bd,Dragon,
Reaction,,DragonConfusedAboutDismissal,6,line:fb47f998,cb554196ac99a428,Dragon,
Reaction,,DragonConfusedAboutDismissal,7,line:6d77feef,345b04bed8d1a7e0,Dragon,
Reaction,,DragonSatisfiedAndLeaves,1,line:f1946aab,7a8942e2613fa23c,Dragon,
Reaction,,DragonSatisfiedAndLeaves,2,line:67a46ddc,c92c35bb9f44dac4,Dragon,
Reaction,,DragonSatisfiedAndLeaves,3,line:c4310942,8aff5108a050bcfa,Kobold,
Reaction,,DragonSatisfiedAndLeaves,4,line:52010e35,2cb6318b9f4550a8,Kobold,
Reaction,,DragonSatisfiedAndLeaves,5,line:e85007ac,28454e931a2d3578,Dragon,
Unused,,Alexander_1,1,line:fa97376e,31c53bea307f49d0,Alexander,
Unused,,Alexander_1,2,line:9d7cc63c,f00ea25690e17adf,Alexander,
Unused,,Alexander_2,1,line:52f28749,07874aa669e5cb8c,Alexander,
Unused,,Alexander_2,2,line:e8a38ed0,cfe73695b2bdfe19,Alexander,
Unused,,Alexander_2,3,line:7e9389a7,27b11f3f6bf12fe9,Kobold,
Unused,,Alexander_2,4,line:f64a5b30,16584052fd337f09,Kobold,
Unused,,Alexander_2,5,line:dd06ed39,2d3935f374b6474e,Alexander,
Unused,,Alexander_2,6,line:4b36ea4e,7a5128354d6171d0,Alexander,
Unused,,Alexander_2,7,line:f167e3d7,bc15783521246457,Alexander,
Unused,,Alexander_2,8,line:6757e4a0,ab5df625bc76dbd4,Alexander,
Unused,,Alexander_2,9,line:607a5c47,b34663a53a6541a7,Alexander,
Unused,,Alexander_2,10,line:85f39b27,ab5df625bc76dbd4,Alexander,
Unused,,Alexander_2,11,line:13c39c50,b39b95373bf40c36,Alexander,
Unused,,Alexander_3,1,line:9ef857c8,2501ad553fd20454,Alexander,
Unused,,Alexander_3,2,line:08c850bf,7b282582fab597eb,Alexander,
Unused,,Alexander_Dirty,1,line:9becd177,950b8260a6ca788f,Alexander,
Unused,,Alexander_Dirty,2,line:0ddcd600,97733f8db49fb168,Alexander,
Unused,,Alexander_Idle1,1,line:c83a6a0d,6a4162b247e5aae1,Alexander,
Unused,,Alexander_Idle1,2,line:5e0a6d7a,5e971607fa926b31,Alexander,
Unused,,Alexander_Idle2,1,line:a4214fe6,2a1b4481e851f727,Alexander,
Unused,,Alexander_Idle2,2,line:32114891,26974d0189f0d75c,Alexander,
Unused,,Alexander_Idle3,1,line:bf2a8309,db8cc14accf5dfe9,Alexander,
Unused,,Alexander_Soapy,1,line:b06e13bc,e17d9103818204a4,Alexander,
Unused,,Alexander_Soapy,2,line:265e14cb,03c418e790b340c3,Alexander,
Unused,,Alexander_Intro,1,line:c7b73162,f82f410ee41cad07,Alexander,
Unused,,Alexander_Intro,2,line:7de638fb,fedb00f6c13cec68,Kobold,
Unused,,Alexander_Intro,3,line:ebd63f8c,4359ca4e5c8fc816,Kobold,
Unused,,Alexander_Intro,4,line:48435b12,9e2816aaa10403b6,Alexander,
Unused,,Alexander_Intro,5,line:de735c65,8275f13b67a6687b,Alexander,
Unused,,Alexander_Intro,6,line:642255fc,ebc110388e3748fa,Kobold,
Unused,,Alexander_Intro,7,line:f212528b,7409deaefe456a49,Alexander,
Unused,,Alexander_Intro,8,line:630fed1b,afb82d57a9c1ba48,Alexander,
Unused,,Alexander_Outro,1,line:a8e6ac2a,0c2f6e570964b0c1,Alexander,
Unused,,Alexander_Outro,2,line:3ed6ab5d,639110e1c4cc2914,Alexander,
Unused,,Alexander_Outro,3,line:8487a2c4,e35f2c7dd32a4059,Kobold,
Unused,,Alexander_Outro,4,line:83aa1a23,8e3a0c6c1c068e67,Kobold,
Unused,,Alexander_Outro,5,line:525f5744,7bf1556708efd0d8,Kobold,
Unused,,Alexander_Outro,6,line:12b7a5b3,79acad09a68bf670,Alexander,
Unused,,Alexander_Outro,7,line:159a1d54,3730dccb6a6582be,Alexander,
Unused,,Alexander_Outro,8,line:7e3e59aa,56723edcd935d476,Alexander,
Unused,,Alexander_Outro,9,line:e80e5edd,e0723f4408ee3eda,Alexander,
Unused,,Alexander_Outro,10,line:c46f5033,7973db48113175b5,Alexander,
Unused,,Alexander_Outro,11,line:67fa34ad,f16474a9900a4418,Alexander,
Unused,,Alexander_Outro,12,line:f1ca33da,95958db076100eb8,Alexander,
Unused,,Alexander_Outro,13,line:4b9b3a43,cb3f91d54eee30e5,Alexander,
Unused,,Alexander_Outro,14,line:ddab3d34,677412526f14044a,Alexander,
Unused,,ConradBeatup_1,1,line:30a74521,ab5df625bc76dbd4,Conrad,
Unused,,ConradBeatup_1,2,line:a6974256,72f9c6536242f235,Kobold,
Unused,,ConradBeatup_1,3,line:8af64cb8,67410be84ad1b8ac,Kobold,
Unused,,ConradBeatup_1,4,line:1cc64bcf,5b207ccbfd5d5679,Conrad,
Unused,,ConradBeatup_1,5,line:1bebf328,b2139b5e4dc27f14,Conrad,
Unused,,ConradBeatup_2,1,line:6374414d,b841443b4a7e3b82,Conrad,
Unused,,ConradBeatup_2,2,line:049fb01f,02febaeeb5306c30,Conrad,
Unused,,ConradBeatup_Idle1,1,line:11bfce3b,7ff77420c3518210,Conrad,
Unused,,ConradBeatup_Idle1,2,line:878fc94c,13a3bd02487dab16,Conrad,
Unused,,ConradBeatup_Idle2,1,line:d37175c7,861f99e073cd06e2,Conrad,
Unused,,ConradBeatup_Idle2,2,line:454172b0,e375cf5dd6f03d34,Conrad,
Unused,,ConradBeatup_Intro,1,line:cdb8d8db,ab5df625bc76dbd4,Conrad,
Unused,,ConradBeatup_Intro,2,line:28311fbb,19aa373fb830a05c,Kobold,
Unused,,ConradBeatup_Intro,3,line:be0118cc,c7e055a695603f2b,Kobold,
Unused,,ConradBeatup_Intro,4,line:04501155,e4e0397bea6600f5,Conrad,
Unused,,ConradBeatup_Intro,5,line:92601622,e36f54f748a69d3e,Kobold,
Unused,,ConradBeatup_OutroDirty,1,line:a8eb78ed,e17652524a905f18,Conrad,
Unused,,ConradBeatup_OutroDirty,2,line:39f6c77d,44aa54eec876d22e,Kobold,
Unused,,ConradBeatup_OutroDirty,3,line:afc6c00a,85d8ae405abc5722,Kobold,
Unused,,ConradBeatup_OutroSoapy,1,line:ef611d11,d0b060d51bc87feb,Conrad,
Unused,,ConradBeatup_OutroSoapy,2,line:79511a66,44aa54eec876d22e,Kobold,
Unused,,ConradBeatup_OutroSoapy,3,line:c30013ff,85d8ae405abc5722,Kobold,
Unused,,ConradBeatup_Outro,1,line:ce938344,f16474a9900a4418,Conrad,
Unused,,ConradBeatup_Outro,2,line:74c28add,8f8c3127986a0017,Conrad,
Unused,,ConradBeatup_Outro,3,line:e2f28daa,cb3f91d54eee30e5,Conrad,
Unused,,Conrad_1,1,line:9ab6ddfb,5a208b2886d87937,Conrad,
Unused,,Conrad_1,2,line:f99840cd,d61259269b75dec9,Kobold,
Unused,,Conrad_1,3,line:d5f94e23,8aff5108a050bcfa,Kobold,
Unused,,Conrad_1,4,line:e05c2dca,1ea442a134b2a184,Kobold,
Unused,,Conrad_1,5,line:6fa847ba,335bcdceb30ec6b8,Conrad,
Unused,,Conrad_1,6,line:43c94954,2f7cc8c297b8d283,Conrad,
Unused,,Conrad_1,7,line:766c2abd,9d1528cc1118e4dd,Conrad,
Unused,,Conrad_2,1,line:22929636,d892eb1f696177b4,Conrad,
Unused,,Conrad_2,2,line:b4a29141,0eaacb4d2b730370,Conrad,
Unused,,Conrad_5_Mount_Finish,1,line:684fb29a,28a96495be7701ea,Conrad,
Unused,,Conrad_5_Mount_Start,1,line:cacbff51,cda9c08deb782b6e,Conrad,
Unused,,Conrad_Idle1,1,line:77cebc41,06b2c581e253753a,Conrad,
Unused,,Conrad_Idle1,2,line:10254d13,ba07cdd711c7d570,Kobold,
Unused,,Conrad_Idle1,3,line:3c4443fd,f2ea9d36d2c4032f,Kobold,
Unused,,Conrad_Idle1,4,line:86154a64,25cdc596cd23bedb,Conrad,
Unused,,Conrad_Idle1,5,line:aa74448a,c3565cd77a3dcba9,Conrad,
Unused,,Conrad_Intro,1,line:f7f9b0db,bc1e29287f60b297,Conrad,
Unused,,Conrad_Intro,2,line:61c9b7ac,f7a29676d9621163,Conrad,
Unused,,Conrad_Intro,3,line:db98be35,8339b88ae51a85f6,Kobold,
Unused,,Conrad_Intro,4,line:4da8b942,d474060b980dd4bb,Kobold,
Unused,,Conrad_Intro,5,line:dcb506d2,255d982b3d4c772e,Conrad,
Unused,,Mount_Alexander_2_6,1,line:44b711a0,dcc524605bec9fd8,Alexander,
Unused,,Mount_Alexander_2_6,2,line:e722753e,d010c18e5ff478ed,Alexander,
Unused,,Mount_Alexander_2_6,3,line:71127249,f025190cb1adde9c,Alexander,
Unused,,Mount_Alexander_2_6,4,line:cb437bd0,eec9d16c87323040,Alexander,
Unused,,Mount_Alexander_2_6,5,line:5d737ca7,929e50391bfd0646,Kobold,
Unused,,Mount_Alexander_2_6,6,line:5a5ec440,b6547fc9d980c16e,Kobold,
Unused,,Mount_Alexander_2_6,7,line:cc6ec337,40df3c9d9e1d5126,Alexander,
Unused,,Mount_Alexander_2_6,8,line:bfd70320,d3acad6a7014a598,Alexander,
Unused,,Mount_Alexander_2_6,9,line:29e70457,ab5a3375052f41eb,Alexander,
Unused,,Mount_Alexander_2_6,10,line:93b60dce,c5ba4f5f1cdff517,Alexander,
Unused,,RyanDate_1,1,line:69ffe957,14ecee0afc63c845,Ryan,
Unused,,RyanDate_1,2,line:ffcfee20,90ba900c65607127,Ryan,
Unused,,RyanDate_2,1,line:bea8f1f7,690cf2b49eb95f79,Ryan,
Unused,,RyanDate_2,2,line:2898f680,1648a912c46f7fec,Kobold,
Unused,,RyanDate_2,3,line:433cb27e,b3979a44b5b9376a,Ryan,
Unused,,RyanDate_2,4,line:d50cb509,02c33e4e3c09bc79,Kobold,
Unused,,RyanDate_2,5,line:6f5dbc90,7680ca7ff15f1566,Ryan,
Unused,,RyanDate_3,1,line:4944dbda,7ba9e65f61ca2369,Ryan,
Unused,,RyanDate_3,2,line:ead1bf44,ff74b82dcb8a11d3,Kobold,
Unused,,RyanDate_3,3,line:7ce1b833,5b14f19a86849ff5,Ryan,
Unused,,RyanDate_3,4,line:c6b0b1aa,42af2c2067728998,Ryan,
Unused,,RyanDate_3,5,line:5080b6dd,37f99dd7cbcf5b6f,Ryan,
Unused,,RyanDate_Idle1,1,line:3223473f,bcda1f48383d915f,Ryan,
Unused,,RyanDate_Intro,1,line:eed2cc64,b57c370a0fcc7045,Ryan,
Unused,,RyanDate_Intro,2,line:78e2cb13,d5be54b666b3d38f,Ryan,
Unused,,RyanDate_Intro,3,line:c2b3c28a,ffcaf369ac8b1a74,Ryan,
Unused,,RyanDate_Intro,4,line:5483c5fd,89f52a0dc3d757c1,Kobold,
Unused,,RyanDate_Intro,5,line:f716a163,ecab929d37109ab0,Ryan,
Unused,,RyanDate_Intro,6,line:6126a614,92d9da0b0b22fd7a,Kobold,
Unused,,RyanDate_Outro,1,line:e41244bf,f16474a9900a4418,Ryan,
Unused,,RyanDate_Outro,2,line:722243c8,617c4e9fdb7890ae,Ryan,
Unused,,RyanDate_Outro,3,line:97ab84a8,cb3f91d54eee30e5,Ryan,
Unused,,RyanDate_Outro,4,line:019b83df,638d7c049f321a6d,Ryan,
Unused,,RyanDate_Outro,5,line:bbca8a46,3afdda2c098fc834,Ryan,
Unused,,RyanExploded_Intro,1,line:873a2b9a,8e87e6b28fb697c4,Ryan,
Unused,,RyanExploded_Intro,2,line:110a2ced,346181d6c9954315,Kobold,
Unused,,RyanExploded_Intro,3,line:3d6b2203,53ca70e25fc42870,Kobold,
Unused,,RyanExploded_Intro,4,line:ab5b2574,1aa7b1c1d5fb1fd6,Ryan,
Unused,,RyanExploded_Intro,5,line:ac769d93,b99d68084de082b6,Ryan,
Unused,,RyanExploded_Intro,6,line:3a469ae4,81f2cb133d548396,Ryan,
Unused,,RyanExploded_Intro,7,line:e02f464d,31c53bea307f49d0,Ryan,
Unused,,RyanExploded_Intro,8,line:761f413a,d3e25fe68c13c02d,Ryan,
Unused,,RyanExploded_Intro,9,line:cc4e48a3,ce386faf68f3df7e,Ryan,
Unused,,RyanExploded_Intro,10,line:5a7e4fd4,60c1424a59a1c912,Ryan,
Unused,,RyanExploded_Intro,11,line:f9eb2b4a,917613bbf36e4b93,Kobold,
Unused,,RyanExploded_Intro,12,line:6fdb2c3d,67f68a72462bca9b,Ryan,
Unused,,RyanExploded_OutroDirty,1,line:fc6fdd10,f2bdff14318fd81c,Ryan,
Unused,,RyanExploded_OutroDirty,2,line:6d726280,6a1900ba2212696d,Ryan,
Unused,,RyanExploded_OutroDirty,3,line:fb4265f7,85a39ab345d672ff,Kobold,
Unused,,RyanExploded_OutroDirty,4,line:9ca994a5,1562d2eeb95b795a,Kobold,
Unused,,RyanExploded_OutroDirty,5,line:0a9993d2,3bcf70f39eca74f1,Ryan,
Unused,,RyanExploded_OutroSoapy,1,line:0979dea3,9df62882448c291b,Ryan,
Unused,,RyanExploded_OutroSoapy,2,line:9f49d9d4,29d1991e26b1773d,Ryan,
Unused,,RyanExploded_OutroSoapy,3,line:3cdcbd4a,85a39ab345d672ff,Kobold,
Unused,,RyanExploded_OutroSoapy,4,line:aaecba3d,1562d2eeb95b795a,Kobold,
Unused,,RyanExploded_OutroSoapy,5,line:10bdb3a4,3bcf70f39eca74f1,Ryan,
Unused,,RyanExploded_Outro,1,line:22deeef6,f16474a9900a4418,Ryan,
Unused,,RyanExploded_Outro,2,line:b4eee981,c5bae834767a347c,Ryan,
Unused,,RyanExploded_Outro,3,line:25f35611,cb3f91d54eee30e5,Ryan,
Unused,,RyanExploded_Outro,4,line:b3c35166,a45ce5a6357ad76f,Ryan,
Unused,,RyanExploded_Outro,5,line:564a9606,ca1dd92cfbe2dcd5,Ryan,
Unused,,RyanExploded_Outro,6,line:c07a9171,1aa7b1c1d5fb1fd6,Ryan,
Unused,,RyanMuddy_Dirty,1,line:f212b2de,58246ed8cfcdfa19,Ryan,
Unused,,RyanMuddy_Dirty,2,line:4843bb47,f27e94e23a2cc6eb,Ryan,
Unused,,RyanMuddy_Idle1,1,line:7da41ecd,c24aaf031df991a1,Ryan,
Unused,,RyanMuddy_Idle1,2,line:ecb9a15d,8bb630e0c8dc64ac,Ryan,
Unused,,RyanMuddy_Idle2,1,line:aaf3066d,bcee068ce8220b8e,Ryan,
Unused,,RyanMuddy_Idle2,2,line:cd18f73f,2c4f3b41240d00cd,Ryan,
Unused,,RyanMuddy_Idle3,1,line:eb019075,e304ea7f521df3f2,Ryan,
Unused,,RyanMuddy_Idle3,2,line:515099ec,ac51ca95656fffdd,Ryan,
Unused,,RyanMuddy_Idle4,1,line:d7bcbe29,8fd85e09be693fbf,Ryan,
Unused,,RyanMuddy_Idle4,2,line:7429dab7,d2261edb51b885d9,Ryan,
Unused,,RyanMuddy_Idle5,1,line:5230bdfd,9df1eb0e35a5d36a,Ryan,
Unused,,RyanMuddy_Idle5,2,line:e861b464,5e7b1eae20d0fb72,Ryan,
Unused,,RyanMuddy_Soapy,1,line:2b65bf83,73d08af95ae8835e,Ryan,
Unused,,RyanMuddy_Soapy,2,line:bd55b8f4,83af94fb3d626970,Ryan,
Unused,,RyanMuddy_Soapy,3,line:1ec0dc6a,6bc811f815ef9e24,Ryan,
Unused,,RyanMuddy_Idle7,1,line:1e027369,255bd9c513473506,Ryan,
Unused,,RyanMuddy_Idle7,2,line:8f1fccf9,77ff00f75a7c2083,Ryan,
Unused,,RyanMuddy_Idle7,3,line:192fcb8e,620caab5d90b8d3f,Ryan,
Unused,,RyanMuddy_Idle8,1,line:2d315c6c,afa88441bc4fc8d9,Ryan,
Unused,,RyanMuddy_Idle8,2,line:bb015b1b,2ea6d5d46861d1bf,Ryan,
Unused,,RyanMuddy_Idle8,3,line:01505282,c65b5342f0285c16,Ryan,
Unused,,RyanMuddy_Intro,1,line:dd4b34ae,0da72197e898ebe1,Ryan,
Unused,,RyanMuddy_Intro,2,line:4b7b33d9,334d016f755cd6dc,Kobold,
Unused,,RyanMuddy_Intro,3,line:e8ee5747,dfba3eb46cb5fc14,Ryan,
Unused,,RyanMuddy_Intro,4,line:7ede5030,299e9d1e919c3a49,Ryan,
Unused,,RyanMuddy_Intro,5,line:c48f59a9,08c8207cff7cb565,Ryan,
Unused,,RyanMuddy_Intro,6,line:52bf5ede,05d9cdcce06b0c12,Kobold,
Unused,,RyanMuddy_Intro,7,line:5592e639,d12499a3f17512de,Kobold,
Unused,,RyanMuddy_Intro,8,line:c3a2e14e,b8e3a13e8da1caf6,Ryan,
Unused,,RyanMuddy_Intro,9,line:b01b2159,213c112ac748eb9e,Ryan,
Unused,,RyanMuddy_Intro,10,line:262b262e,092808653667e9ff,Ryan,
Unused,,RyanMuddy_Intro,11,line:9c7a2fb7,0f3f0b7e817061e6,Kobold,
Unused,,RyanMuddy_Intro,12,line:0a4a28c0,44beadf6316d890e,Ryan,
Unused,,RyanMuddy_Intro,13,line:a9df4c5e,af8d3a1f26de30ef,Ryan,
Unused,,RyanMuddy_Nag1,1,line:21235886,3605a9273b22288b,Ryan,
Unused,,RyanMuddy_Nag1,2,line:82b63c18,720febc2a9d251aa,Ryan,
Unused,,RyanMuddy_Nag2,1,line:c4fc9b28,6852c864bbd2afef,Ryan,
Unused,,RyanMuddy_Nag2,2,line:7ead92b1,0918205f97d74d78,Ryan,
Unused,,RyanMuddy_Nag3,1,line:58b4f5fb,c8f453084718c8cc,Ryan,
Unused,,RyanMuddy_NaughtyTouch,1,line:014b5da5,4d13604e28159e56,Ryan,
Unused,,RyanMuddy_Outro,1,line:acb8a5aa,a46a0805bb6a5eda,Ryan,
Unused,,RyanMuddy_Outro,2,line:3a88a2dd,168c7d0bb7743dec,Ryan,
Unused,,RyanMuddy_Outro,3,line:991dc643,85a39ab345d672ff,Kobold,
Unused,,RyanMuddy_Outro,4,line:b57cc8ad,3ae7f278ef092258,Kobold,
Unused,,RyanMuddy_Outro,5,line:b251704a,1ea442a134b2a184,Kobold,
Unused,,RyanMuddy_Outro,6,line:0f2dc134,0dfd80e1f981faca,Ryan,
Unused,,RyanMuddy_Outro,7,line:234ccfda,8f207ab27746c010,Ryan,
Unused,,RyanMuddy_Outro,8,line:2461773d,86b57f75d4c04b75,Ryan,
Unused,,RyanMuddy_Outro,9,line:c1e8b05d,0712e97652e51758,Ryan,
Unused,,RyanMuddy_Outro,10,line:57d8b72a,17f93a33eafe382c,Ryan,
Unused,,RyanMuddy_SmallTalk,1,line:5f64c352,098ac93ca7999f8c,Ryan,
Unused,,RyanMuddy_SmallTalk,2,line:e535cacb,85a39ab345d672ff,Kobold,
Unused,,RyanMuddy_SmallTalk,3,line:e218722c,0bf9a145c66c512b,Kobold,
Unused,,RyanMuddy_SmallTalk,4,line:7305cdbc,9b9024cada67653e,Ryan,
Unused,,RyanMuddy_SmallTalk,5,line:7428755b,4eb8bdb270c030ae,Ryan,
Unused,,RyanMuddy_SmallTalk,6,line:1706e86d,ff152503516900ee,Ryan,
Unused,,RyanMuddy_SmallTalk,7,line:8136ef1a,13d1c29ec8784cae,Ryan,
Unused,,Ryan_3_wont_use_mount,1,line:ccf87ea9,9221ab210b374d30,Ryan,
Unused,,Ryan_3_wont_use_mount,2,line:76a97730,f3f18c2eea794920,Ryan,
Unused,,Start,1,line:737184f5,4a7d6d3e8888a86b,Start,
Unused,,Start,2,line:e26c3b65,51fc886b5198c324,Start,
Unused,,Start,3,line:745c3c12,3f67462d672b7bcf,Kobold,
Unused,,Start,4,line:91d5fb72,04d0442b161ea908,Kobold,
Unused,,Start,5,line:07e5fc05,75e288b4fb9a6264,Kobold,
Unused,,Start,6,line:bdb4f59c,8324eab8a6e9f930,Start,
Unused,,Start,7,line:2b84f2eb,73a58edf82c7d1f9,Start,
Unused,,Start,8,line:88119675,44cd17f6b06a1e2a,Start,
Unused,,Start,9,line:1e219102,5c7f5bd24b7aa929,Start,
Unused,,Start,10,line:a470989b,182d619fd2759e9e,Start,
Unused,,Start,11,line:32409fec,1631cc2062d35c85,Start,
Unused,,Start,12,line:a35d207c,8badee5679752364,Start,
Unused,,Start,13,line:356d270b,dfd4710580ab5eb3,Start,
Unused,,Start,14,line:5643ba3d,af31c269dddcddde,Start,
Unused,,Start,15,line:c073bd4a,6da123fcc0f5c222,Start,
Unused,,Start,16,line:7a22b4d3,f9465279bddb54ad,Start,
Unused,,Start,17,line:ec12b3a4,46be06404c734dec,Start,
Unused,,Start,18,line:4f87d73a,7e32f1603f1a8563,Start,
Unused,,Start,19,line:d9b7d04d,a494dfb9f1a57f33,Start,
Unused,,Start,20,line:63e6d9d4,f4fc9cefe23a07b7,Start,
Unused,,Start,21,line:f5d6dea3,627fb5b7002e048a,Start,
Unused,,Start,22,line:64cb6133,dc2099e76df820a2,Start,
Unused,,Start,23,line:f2fb6644,10082959f17563f7,Start,
Unused,,Start,24,line:1772a124,add98a1ef99b1290,Start,
